呢,ne,il,cmn-00eab2c6.mp3," il, elle, ce, cela, la"
朝,cháo,matin,cmn-01645fef.mp3," matin, le matin, les matins, matinal"
支,zhī,soutien,cmn-016a8467.mp3," soutien, support, d'appui, appui, de soutien"
酒,jiǔ,vin,cmn-0187ac5b.mp3," vin, vins, des vins, de vin, du vin"
查,chá,recherche,cmn-024bb4b2.mp3," recherche, Recherche par, fouille, chercher, perquisition"
国家,guójiā,pays,cmn-032a3e41.mp3," pays, Country, le pays, patrie, campagne"
发现,fāxiàn,découverte,cmn-03cd4a7c.mp3," découverte, de découverte, découverte de, Discovery, découvertes"
一直,yìzhí,a été,cmn-03edefb8.mp3," a été, a fait"
现在,xiànzài,maintenant,cmn-03f73677.mp3," maintenant, Aujourd'hui, actuellement, désormais"
冬天,dōngtiān,hiver,cmn-0418b8f7.mp3," hiver, hiver de, hivernal, d'hiver"
也,yě,aussi,cmn-041d3a4a.mp3," aussi, également, Egalement, De même, En outre"
自行车,zìxíngchē,vélo,cmn-043246c4.mp3," vélo, Bike, de vélos, moto, bicyclettes"
突然,tūrán,soudain,cmn-04b15123.mp3," soudain, tout à coup, soudainement, subitement, brusquement"
碰,pèng,toucher,cmn-04bc72d0.mp3," toucher, Appuyez sur, effleurer, se toucher, Appuyez"
不久,bùjiǔ,bientôt,cmn-05adcf26.mp3," bientôt, Peu, Peu de temps, Accueil"
爱人,àiren,amoureux,cmn-05ae3ce9.mp3," amoureux, bretelles, chérie"
领导,lǐngdǎo,leadership,cmn-063d8332.mp3," leadership, direction, du leadership, le leadership, de leadership"
正,zhèng,positif,cmn-065845f6.mp3," positif, Positive, positives, favorable, positifs"
每,měi,chaque,cmn-06b64b97.mp3," chaque, chacun, de chaque, chacune, Les"
座,zuò,siège,cmn-06f0bb20.mp3," siège, Assise, fauteuil, place, asseoir"
姑娘,gūniang,fille,cmn-0793d109.mp3," fille, de fille, fille de"
一点儿,yìdiǎnr,Un peu,cmn-07d3cb68.mp3," Un peu, Peu, Un peu d', Un petit, Un peu de"
下,xià,inférieur,cmn-07dcdf76.mp3," inférieur, Bas, Basse"
复杂,fùzá,complexe,cmn-07e9c66b.mp3," complexe, Complexe de, complexes, Complex"
历史,lìshǐ,histoire,cmn-07f288e9.mp3," histoire, d'histoire, Histoire de, d'histoire de, Historique"
双,shuāng,double,cmn-087d80d6.mp3," double, Chambre Double, deux fois, doubler"
占,zhàn,occuper,cmn-08938eb7.mp3," occuper, Occupez, habiter, d'occupation, Occupent"
布,bù,tissu,cmn-08c53d73.mp3," tissu, chiffon, en tissu, chiffon de, nappe"
就,jiù,sur,cmn-08cbe6fb.mp3," sur, dans, en, Le, D'"
会,huì,bidon,cmn-09003a80.mp3," bidon, pouvoir, boîte, Peut"
七,qī,sept,cmn-09075744.mp3," sept, de sept, sept ans, de Seven, Seven"
母亲,mǔqīn,mère,cmn-0935d373.mp3," mère, Maman, la mère, Mother"
篇,piān,pièce,cmn-09afa992.mp3," pièce, morceau, parcelle, bout, fragment"
锻炼,duànliàn,exercice,cmn-09b360e9.mp3," exercice, exercice Cours, d'exercice, exercer"
杯子,bēizi,tasse,cmn-09cef065.mp3," tasse, coupe, Cup, de la Coupe, calice"
研究,yánjiū,étude,cmn-09ecb4c0.mp3," étude, d'étude, recherche, Study, bureau"
好吃,hǎochī,délicieux,cmn-0a4de7f8.mp3," délicieux, delicious, délicieuses, de délicieux, délicieuse"
生活,shēnghuó,vie,cmn-0a535711.mp3," vie, existence, de vie, la Vie"
走,zǒu,aller,cmn-0a63b17b.mp3," aller, Allez, Go, Accédez, aller à"
低,dī,faible,cmn-0ac1dfbc.mp3," faible, bas, Low, Basse, Min"
再见,zàijiàn,au revoir,cmn-0ad618c6.mp3," au revoir, adieu, congé, adieux, goodbye"
没有,méiyǒu,aucun,cmn-0af02ea8.mp3," aucun, non, Aucune, nul, No"
同学,tóngxué,camarade de classe,cmn-0af7d333.mp3," camarade de classe, classmate, compagne, camarade, camarade de classe de"
孩子,háizi,enfants,cmn-0b106591.mp3," enfants, enfants de, des enfants, Children, Enfant"
借,jiè,emprunter,cmn-0b5bddc7.mp3," emprunter, Borrow, Emprunter de, emprunt, Emprunter des"
行,xíng,rangée,cmn-0ba21aa9.mp3," rangée, ligne, file, Rang, En rangée"
空气,kōngqì,air,cmn-0bb38c77.mp3," air, aérienne, Climatisation, aérien"
考试,kǎoshì,exam,cmn-0bd4d7fe.mp3," exam, examen, Consultation, d'examen"
正在,zhèngzài,est,cmn-0c664877.mp3," est, Is, Ce est"
感冒,gǎnmào,froid,cmn-0c6b6172.mp3," froid, de Cold, Froide, de froid"
更,gèng,plus,cmn-0c975144.mp3," plus, davantage de, en savoir plus, More, davantage"
算,suàn,compter,cmn-0d0388b7.mp3," compter, Comptez, comte de, Count, comte"
短,duǎn,court,cmn-0d5256b7.mp3," court, Courte, Courts, bref"
夏天,xiàtiān,été,cmn-0d9ec443.mp3," été, d'été, l'été, Summer"
饺子,jiǎozi,Dumplings,cmn-0e0e165a.mp3," Dumplings, quenelles, boulettes de, boulettes, Boulettes de pâte"
祝,zhù,souhait,cmn-0e22b862.mp3," souhait, souhaiter, envie, désir, la Wish"
英语,yīngyǔ,Anglais,cmn-0e246e5b.mp3," Anglais, Anglais Les, en anglais, English, anglaise"
同意,tóngyì,accepter,cmn-0e456aed.mp3," accepter, accord, consentir, Convenir, approuver"
万,wàn,Dix mille,cmn-0e6a935d.mp3," Dix mille, dix mille hommes, dizaine de milliers, de dix mille, Dix mille francs"
长,zhǎng,longue,cmn-0e9ae27f.mp3," longue, long, longs, de longue, depuis longtemps"
继续,jìxù,continuer,cmn-0ed3fc23.mp3," continuer, Continuer vos, Continuer à, Continue, Continuer la"
绿,lǜ,vert,cmn-0f03c659.mp3," vert, Verte, green, couleur verte, verdoyant"
又,yòu,et,cmn-0f1044cf.mp3," et, et de, et l', And, et d'"
出,chū,dehors,cmn-0f1e9f47.mp3," dehors, En rupture, Hors, arrière, en dehors"
消息,xiāoxi,nouvelles,cmn-0f2b813d.mp3," nouvelles"
想,xiǎng,penser,cmn-10e85cbe.mp3," penser, croire, Pensez, imaginer"
文学家,wénxuéjiā,écrivain,cmn-10ea879f.mp3," écrivain, Ecrivain, rédacteur, Scénariste, Auteur"
山,shān,montagne,cmn-11d0d7ba.mp3," montagne, la Montagne, montagnard, de montagne, les montagnes"
祖国,zǔguó,patrie,cmn-1223aaac.mp3," patrie, la Patrie, Mère patrie, la Mère Patrie"
变成,biànchéng,devenir,cmn-1233e88f.mp3," devenir, devenue, devenus, Devenez, devenu"
出发,chūfā,départ,cmn-1278dcf3.mp3," départ, Au départ de, de départ, Au départ, Au départ de A"
然后,ránhòu,puis,cmn-1294bbfb.mp3," puis, alors, ensuite"
变,biàn,changement,cmn-12a754ab.mp3," changement, Changer de, modification, Change, changer"
道,dào,route,cmn-12ec59c9.mp3," route, chemin, la route, de route"
发展,fāzhǎn,développement,cmn-13936069.mp3," développement, Développement des, Development, de développement, du développement"
今天,jīntiān,aujourd'hui,cmn-13ace787.mp3," aujourd'hui, de nos jours, jour, d'aujourd'hui"
主要,zhǔyào,primaire,cmn-13c05bb8.mp3," primaire, premier, primaires, première, Primary"
男,nán,mâle,cmn-13c47606.mp3," mâle, Homme, Male, Masculin, Femme"
雨,yǔ,pluie,cmn-13ca4a36.mp3," pluie, Effacer, Nuageux, Partiellement nuageux, de pluie"
留念,liúniàn,Photos,cmn-14526be8.mp3," Photos, Photos de, images, Galerie Photos, les photos"
它,tā,il,cmn-145d88a4.mp3," il, elle, ce, cela, la"
亿,yì,Une centaine de millions,cmn-145e4941.mp3," centaine de millions, centaine de millions de, cent millions d', cent millions, cent millions de"
挤,jǐ,bondé,cmn-14a3c5b6.mp3," bondé, bondés, Crowded, Affluence, bondée"
省,shěng,province,cmn-14a76997.mp3," province, la province de, la province, la province du"
剩,shèng,surplus,cmn-1523f317.mp3," surplus, excédent, des excédents, excès, de surplus"
颜色,yánsè,couleur,cmn-152709b9.mp3," couleur, Couleur des, couleurs, coloris, couleur de"
死,sǐ,mort,cmn-1534dda0.mp3," mort, décédé, Morte, défunt, mortes"
提,tí,Mentionnez,cmn-1e3a62c0.mp3," Mentionnez, Mention, mentionne, mentionner, la mention"
拉,lā,tirer,cmn-1e3d0f04.mp3," tirer, enlever, retirer, sortir, attraction"
春天,chūntiān,printemps,cmn-2054ac30.mp3," printemps, ressort, du Printemps, printanier, de printemps"
基础,jīchǔ,fondation,cmn-20dbfd00.mp3," fondation, Fondation de, création, base, de la Fondation"
复习,fùxí,examen,cmn-20e5b247.mp3," examen, Review, critique, avis, d'examen"
别的,biéde,autre,cmn-2161ad49.mp3," autre, d'autre, autre chose, ailleurs"
种,zhǒng,genre,cmn-21a3ca84.mp3," genre, sorte, bon, gentil, aimable"
注意,zhùyì,note,cmn-21e075fe.mp3," note, la note, Nota, billet, mot"
伟大,wěidà,grand,cmn-21f3b13d.mp3," grand, génial, immense, fort, Great"
有些,yǒuxiē,certains,cmn-22641e1e.mp3," certains, certaines, certain, environ, quelque"
饭,fàn,repas,cmn-2265a5c4.mp3," repas, farine, manger, Meal, de repas"
那里,nàli,y,cmn-228e9458.mp3," y, là, Il y, Il n'y, Il y a"
负责,fùzé,responsable de,cmn-23367f9c.mp3," responsable de, présumées responsables de, Responsable de la, Responsable, Responsable des"
见,jiàn,voir,cmn-2349c192.mp3," voir, Afficher les, découvrir, savoir, Afficher"
教育,jiàoyù,éducation,cmn-235af603.mp3," éducation, enseignement, instruction, l'Education, Education"
同志,tóngzhì,camarade,cmn-23dda3da.mp3," camarade, compagnon, Comrade, camarades"
请,qǐng,S'il vous plaît,cmn-242ade03.mp3," S'il vous plaît"
旧,jiù,vieux,cmn-249c5f96.mp3," vieux, ancien, vieillard, Old, Vieille"
羊,yáng,mouton,cmn-24c7f63f.mp3," mouton, brebis, de moutons, Les moutons, des moutons"
上学,shàngxué,Aller à l'école,cmn-15713b8f.mp3," Aller à l'école, Allez à l'école, rendre à l'école, vont à l'école, fréquenter l'école"
方面,fāngmiàn,aspect,cmn-15e75720.mp3," aspect, aspect de, Exposition, Format, aspect le"
表扬,biǎoyáng,louange,cmn-1603df53.mp3," louange, éloge, hommage, Louanges, gloire"
方向,fāngxiàng,direction,cmn-1683b11f.mp3," direction, Direction de, instruction, orientation, décroissant"
汉字,hànzì,caractère chinois,cmn-16c25721.mp3," caractère chinois, chinois, caractères chinois, de caractères chinois, chinese character"
脚,jiǎo,pied,cmn-17857f1f.mp3," pied, de pied, des pieds, du pied, bas"
发生,fāshēng,se produire,cmn-18318dfe.mp3," se produire, survenir, se produira, avoir lieu, se produira pas"
比较,bǐjiào,comparer,cmn-188cf73c.mp3," comparer, comparaison, Comparer les, comparateur, Comparez"
增加,zēngjiā,addition,cmn-18a0b091.mp3," addition, additionnel, Ajout, L'addition, adjonction"
家庭,jiātíng,famille,cmn-1921900f.mp3," famille, de la famille, familiale, de famille, familial"
拍,pāi,battre,cmn-1950cb1d.mp3," battre, battement, Battre les, Battez, battu"
船,chuán,navire,cmn-19574161.mp3," navire, bateau, du navire, bâtiment, Expédier"
知识,zhīshi,connaissance,cmn-19d5d444.mp3," connaissance, connaissances, des connaissances, Knowledge, de connaissances"
画,huà,peinture,cmn-1a723a2d.mp3," peinture, La peinture, Peintres, de Peinture, Painting"
鸡蛋,jīdàn,œufs,cmn-1ac75e3d.mp3," œufs, des œufs, Les oeufs, Les œufs, des oeufs"
态度,tàidu,attitude,cmn-1b6a6a54.mp3," attitude, attitudes, comportement, attitude de"
幸福,xìngfú,bonheur,cmn-1bad6479.mp3," bonheur, de bonheur, félicité, Happiness, du bonheur"
有,yǒu,avoir,cmn-1bbe8b92.mp3," avoir, Ayez, avez des, comporter"
公园,gōngyuán,parc,cmn-1c0b2c02.mp3," parc, Parc de, du parc, de parc, le parc"
岁,suì,ans,cmn-1c24b4d5.mp3," ans, ans d', années, Années d'"
毛,máo,cheveux,cmn-1c6c9fea.mp3," cheveux, de cheveux, chevelure, cheveu"
大家,dàjiā,tout le monde,cmn-1fffa6ed.mp3," tout le monde, Tous, Tous les joueurs, Tout, chacun"
爱,ài,amour,cmn-1cd08e6e.mp3," amour, aimer, Aimez, adorer, Aime"
菜,cài,plat,cmn-1d1203e1.mp3," plat, assiette, cuvette, Dish"
身体,shēntǐ,corps,cmn-1d4edc8a.mp3," corps, body, du corps, carrosserie, ensemble"
太阳,tàiyáng,soleil,cmn-1df9e2ae.mp3," soleil, dim, le soleil, solaire, de Sun"
声,shēng,son,cmn-1e2397ff.mp3," son, entendre, résonner, sain, bruit"
那,nà,que,cmn-1f183aa6.mp3," que, qui, celui, cela, cet"
通知,tōngzhī,notification,cmn-1f5a5d2c.mp3," notification, de notification, la notification, avis, déclaration"
情况,qíngkuàng,situation,cmn-24e5bff2.mp3," situation, de situation, Localisation, cas, la situation"
没,méi,pas,cmn-250c2a44.mp3," pas, ne est pas, Non, Not, ne"
休息,xiūxi,reste,cmn-25422082.mp3," reste, repos, reposer, appui, le repos"
懂,dǒng,savoir,cmn-255a9980.mp3," savoir, connaître, faire savoir, Know, Connaissez"
字,zì,mot,cmn-25aa0f1a.mp3," mot, de mots, mot de, la Parole, mots"
花,huā,fleur,cmn-25baabd1.mp3," fleur, de fleur, Fleur de, de fleurs, fleurir"
容易,róngyì,facile,cmn-25d7658b.mp3," facile, facilement, faciles, aisé, facile de"
嘴,zuǐ,bouche,cmn-25fcbcde.mp3," bouche, embouchure, entrée, Bouche des"
本子,běnzi,livre,cmn-261b763b.mp3," livre, livret, cahier, Book, carnet"
辆,liàng,Véhicules,cmn-262dfd29.mp3," Véhicules, Les véhicules"
条件,tiáojiàn,condition,cmn-2646dd4b.mp3," condition, état, Etat de l', Etat, Etat du"
我,wǒ,Je,cmn-267cc491.mp3," Je, Je ai, I"
工厂,gōngchǎng,usine,cmn-26865323.mp3," usine, d'usine, fabricant, fabrique"
抽,chōu,dessiner,cmn-2692caf0.mp3," dessiner, tirer, Dessinez, attirer, Dessine"
谁,sheí,qui,cmn-26ca4504.mp3," qui, qui a, A qui, ayant"
一些,yìxiē,certains,cmn-26e5795b.mp3," certains, certaines, certain, environ, quelque"
利用,lìyòng,utilisation,cmn-273324af.mp3," utilisation, emploi, usage, l'utilisation"
努力,nǔlì,s'efforcer,cmn-27535286.mp3," s'efforcer, Efforcez, lutter, efforcer"
散步,sànbù,Faites une promenade,cmn-279d7e66.mp3," Faites une promenade, Promenez, Faites une promenade à, Prendre une marche, Faites un tour"
嗯,ng,Ah,cmn-280169fd.mp3," Ah, Eh, euh"
旁边,pángbiān,côté,cmn-28167a64.mp3," côté, de côté, bord, aspect, camp"
而且,érqiě,et,cmn-28298acc.mp3," et, et de, et l', And, et d'"
些,xiē,certains,cmn-285dad90.mp3," certains, certaines, certain, environ, quelque"
中学,zhōngxué,lycée,cmn-2894ac08.mp3," lycée, d'études secondaires, l'école secondaire, collège, Diplôme d'études secondaires"
愉快,yúkuài,agréable,cmn-28986c83.mp3," agréable, agréables, charmant, plaisant, aimable"
香,xiāng,encens,cmn-28fc02b2.mp3," encens, Incense, d'Encens, de l'encens"
城市,chéngshì,ville,cmn-29188eac.mp3," ville, city, la ville, la ville de"
前,qián,il y a,cmn-292017c6.mp3," il y a, il y, Ago, auparavant"
工作,gōngzuò,travail,cmn-29206147.mp3," travail, emploi, Les travaux, ouvrage, de travail"
大学,dàxué,université,cmn-2965e54a.mp3," université, universitaire, de l'Université, l'Université de"
学院,xuéyuàn,collège,cmn-29942ed4.mp3," collège, Collège d'enseignement, Collège de, College, Collège d'"
许多,xǔduō,beaucoup,cmn-299c6e32.mp3," beaucoup, nombreux, Bon nombre, Beaucoup d', De nombreux"
准备,zhǔnbèi,prêt,cmn-2a21d3d2.mp3," prêt, disposé, prêt à, préparer, prête"
语言,yǔyán,langue,cmn-2a34c50a.mp3," langue, la langue, Language, de langue, langage"
后,hòu,plus tard,cmn-2b29ef64.mp3," plus tard, la suite, ensuite, par la suite"
才,cái,seulement,cmn-2b66a99f.mp3," seulement, uniquement, seul, Seuls, Only"
瓶,píng,bouteille,cmn-2b82d057.mp3," bouteille, bouteilles, de bouteille, Bottle, Bouteille de"
慢,màn,Ralentir,cmn-2c02dbca.mp3," Ralentir, Lent, lentement, Lenteur, Faible"
日子,rìzi,jour,cmn-2cc308a0.mp3," jour, Day, Jour de, Fête, journée"
阴,yīn,Yin,cmn-2ce645ba.mp3," Yin, du yin, de yin, le Yin"
读,dú,lire,cmn-2d9c9228.mp3," lire, En savoir, Lire la, lecture, Lire le"
一会儿,yíhuìr,un moment,cmn-2dd1bff1.mp3," un moment, certain temps, pendant quelque temps, quelque temps, Awhile"
封,fēng,sceau,cmn-2e12d657.mp3," sceau, phoque, cachet, joint, sceller"
经常,jīngcháng,souvent,cmn-2e2118b4.mp3," souvent, Bien souvent, fréquemment, souvent des"
照顾,zhàogù,s'occuper,cmn-2ecf6ccb.mp3," s'occuper, garder, Prenez soin de, entretenir, prendre soin de"
好处,hǎochu,avantage,cmn-2f0381ac.mp3," avantage, prestation, de prestations, intérêt, allocation"
所以,suǒyǐ,si,cmn-2f16658c.mp3," si, ainsi, aussi, Alors, Donc"
推,tuī,pousser,cmn-2f23eb1f.mp3," pousser, Appuyez, Enfoncer, Appuyez sur"
抱,bào,tenir,cmn-2f2486db.mp3," tenir, conserver, détenir, garder, avoir"
玩儿,wánr,jouer,cmn-2f2e33fc.mp3," jouer, faire, jeu, Ecouter, Faites"
只好,zhǐhǎo,avoir à,cmn-2fa26066.mp3," avoir à, devoir, dois, Doivent"
这里,zhèli,ici,cmn-2ff5230f.mp3," ici, Malheureusement, Voici, Là"
来,lái,arrivant,cmn-307dd630.mp3," arrivant, Entrée, venant, approche, En venant"
橘子,júzi,orange,cmn-30932e3b.mp3," orange, d'orange, l'orange, oranger"
同时,tóngshí,À la fois,cmn-30afa377.mp3," À la fois, au même moment, en même temps"
一下儿,yíxiàr,À propos des enfants 一下 À propos, A propos, propos de, A propos de, Qui sommes 儿 des enfants, enfants, enfants de, d'enfants, enfant,cmn-30f429cb.mp3,"À propos des enfants 一下 À propos, A propos, propos de, A propos de, Qui sommes 儿 des enfants, enfants, enfants de, d'enfants, enfant"
她,tā,elle,cmn-31a588dd.mp3," elle, elle a, celle"
破,pò,cassé,cmn-31e7d44b.mp3," cassé, brisé, brisée, brisés, brisées"
完成,wánchéng,complet,cmn-31e92ef3.mp3," complet, Complete, complètes, complètes sur, Complète"
牛奶,niúnǎi,lait,cmn-326f7281.mp3," lait, lait de, de lait, au lait, du lait"
的,de,de,cmn-32973a9e.mp3," de, Bien, Des, D', Du"
计划,jìhuà,plan,cmn-336795bb.mp3," plan, plan d', planifier, projet, plan de"
干部,gànbù,PERSONNEL,cmn-3377cc9b.mp3," PERSONNEL, DE PERSONNEL, LE PERSONNEL, AU PERSONNEL, DU PERSONNEL"
少,shǎo,moins,cmn-33a5c633.mp3," moins, de moins, Less, A moins, hôtes"
已经,yǐjing,déjà,cmn-344c5660.mp3," déjà, Dès"
收拾,shōushi,pack,cmn-3481bab3.mp3," pack, Pack de, le pack, jeu, meute"
社会,shèhuì,communauté,cmn-34c869f4.mp3," communauté, communautés, communautaire, collectivité, communautaires"
搞,gǎo,faire,cmn-34d84159.mp3," faire, Avez, do, effectuer, accomplir"
天,tiān,jour,cmn-3509a9f8.mp3," jour, Day, Jour de, Fête, Journée"
说明,shuōmíng,explication,cmn-3545ebe1.mp3," explication, explique, expliquer, des explications, explications"
发烧,fāshāo,fièvre,cmn-35b0b1f6.mp3," fièvre, Fièvre de, de la fièvre, de fièvre, Fever"
事,shì,chose,cmn-35eabdf4.mp3," chose, chose que, choses, affaire, chose la"
报,bào,journal,cmn-35fe52a6.mp3," journal, journaux, de journaux, de journal, du journal"
朋友,péngyou,ami,cmn-36296e70.mp3," ami, amie, collègue, d'amis, amis"
饱,bǎo,complet,cmn-3664f98b.mp3," complet, plein, entier, la pleine, Cadrage en"
姐姐,jiějie,sœur,cmn-366c2291.mp3," sœur, consœur, la soeur, la sœur, consoeur"
车,chē,voiture,cmn-366e8e22.mp3," voiture, car, de voitures, auto, de voiture"
图书馆,túshūguǎn,bibliothèque,cmn-36bfef2d.mp3," bibliothèque, Bibliothèque de, de bibliothèque, la Bibliothèque, bibliothèques"
汽水,qìshuǐ,boisson non-alcoolisée,cmn-36c69be0.mp3," boisson non-alcoolisée, Boissons gazeuses, boissons sans alcool, boisson gazeuse, boisson non alcoolisée"
好,hǎo,bon,cmn-36c84cc4.mp3," bon, beau, Bonne, bien, bonnes"
睡,shuì,sommeil,cmn-36d2781e.mp3," sommeil, de sommeil, du sommeil, en veille, coucher"
条,tiáo,article,cmn-37101229.mp3," article, L'article, de l'article"
灯,dēng,lumière,cmn-371d0844.mp3," lumière, de lumière, la lumière, lampe, clair"
友好,yǒuhǎo,amical,cmn-372ca83d.mp3," amical, sympa, accueillant, bienvenus"
政治,zhèngzhì,politique,cmn-37678c0c.mp3," politique, politique de, politiques, Political"
时候,shíhou,temps,cmn-3799129a.mp3," temps, fois, Le temps, moment, Durée"
门口,ménkǒu,porte,cmn-379d459e.mp3," porte, Doorway, Embrasure de porte"
表,biǎo,table,cmn-37a1fe78.mp3," table, tableau, la table, table de, de table"
擦,cā,frotter,cmn-37f7aa04.mp3," frotter, Frotter la, friction, bande de frottement, frottement"
有的,yǒude,certains,cmn-38ae8910.mp3," certains, certaines, certain, environ, quelque"
公共汽车,gōnggòngqìchē,bus,cmn-38c4d257.mp3," bus, autobus, car, autocar, d'autobus"
文艺,wényì,La littérature et l'art,cmn-3913fd86.mp3," l'art, art, arts, d'art"
关心,guānxīn,concerné,cmn-394f87a2.mp3," concerné, préoccupé, intéressé, Concerned, inquiet"
不错,búcuò,Très bon,cmn-395e5ad5.mp3," Très bon, Pretty good, Assez bon, Pas mal, Plutôt bien"
简单,jiǎndān,simple,cmn-39ac8ed3.mp3," simple, simplement, simples, facile"
不同,bùtóng,différent,cmn-39f5825e.mp3," différent, autre, Different, différente"
要,yào,souhait,cmn-3a52f0d3.mp3," souhait, souhaiter, envie, désir, la Wish"
会话,huìhuà,conversation,cmn-3b0dd225.mp3," conversation, de conversation, discussion, conversations"
分钟,fēnzhōng,minute,cmn-3b1bb444.mp3," minute, instant, minute et, la minute, minutes"
参加,cānjiā,participer,cmn-3b3eb303.mp3," participer, Europe, Participe, de participer, Participation"
水平,shuǐpíng,niveau,cmn-3b4e6d69.mp3," niveau, Degré, Level, de niveau, le niveau"
前边,qiánbiān,avant 前面 avant, devant, de devant, face, de face,cmn-3b849e91.mp3,"avant 前面 avant, devant, de devant, face, de face"
哪,na,qui,cmn-3c075876.mp3," qui, laquelle, que, quel, Ce qui"
旅行,lǚxíng,Voyage,cmn-3c9d278e.mp3," Voyage"
上课,shàngkè,Assister à la classe,cmn-3cf35208.mp3," la classe, classe, classes, catégorie, class"
像,xiàng,comme,cmn-3dc19e60.mp3," comme, l'instar, Like, analogue, instar"
内容,nèiróng,teneur,cmn-3e7aa0ad.mp3," teneur, content, contenus, contenu, de contenu"
痛快,tòngkuai,gai,cmn-3e94cd60.mp3," gai, de Jolly, enjoué, agréable, drôlement"
舒服,shūfu,Comfortably,cmn-3e987ca9.mp3," Comfortably, confortable, Confortablement, aisément, confort"
晴,qíng,clair,cmn-3ea133c6.mp3," clair, claire, certain, Ciel dégagé, Effacer"
摆,bǎi,pendule,cmn-3eafe84e.mp3," pendule, Pendule de, de suspension, balancier, pendulaire"
手表,shǒubiǎo,montre à bracelet,cmn-3f919d8f.mp3," montre à bracelet, bracelet, Montre"
干,gàn,sec,cmn-40000c08.mp3," sec, aride, Dry, sèche"
出租汽车,chūzūqìchē,taxi,cmn-403f9555.mp3," taxi, en taxi, de taxi, le taxi"
装,zhuāng,robe,cmn-4048c08f.mp3," robe, habillement, habits, Dress, habiller"
弟弟,dìdi,frère,cmn-40b6425f.mp3," frère, confrère, de Brother, frère de"
邮票,yóupiào,timbre,cmn-41cbc37e.mp3," timbre, empreinte, Illustré sur timbre, marque, cachet"
那样,nàyàng,Ce genre,cmn-421c8824.mp3," Ce genre, Ce type, cette sorte, de ce genre, cette nature"
家,jiā,maison,cmn-42ee4c87.mp3," maison, d'accueil, foyer, habitation, accueil"
草,cǎo,herbe,cmn-42f98588.mp3," herbe, Fenaison, graminées, de l'herbe, gazon"
安静,ānjìng,calme,cmn-4302c74c.mp3," calme, tranquille, Quiet, silence, Au calme"
床,chuáng,lit,cmn-432fe755.mp3," lit, Bed, Chambre d', Chambres, banc"
大声,dàshēng,fort,cmn-43327d95.mp3," fort, haut et fort, Loudly, bruyamment, fort le"
楼,lóu,étage,cmn-4389c20b.mp3," étage, plancher, de sol, Floor, de plancher"
桥,qiáo,pont,cmn-438eafcf.mp3," pont, chevalet, le pont, passerelle, bridge"
带,dài,zone,cmn-43c1e934.mp3," zone, Zone de, horaire, de zone, la zone"
开学,kāixué,école,cmn-4410ae8e.mp3," école, cours, l'école, lycée, collège"
得,děi,obtenir,cmn-44454e88.mp3," obtenir, avoir, faire, arriver, devenir"
出现,chūxiàn,apparaître,cmn-448e2982.mp3," apparaître, comparaître, apparaitra, Appear, Apparaissent"
后边,hòubiān,plus tard 后面 plus tard, la suite, ensuite, par la suite,cmn-44c1c48c.mp3,"plus tard 后面 plus tard, la suite, ensuite, par la suite"
关,guān,proche,cmn-44f44561.mp3," proche, près, fermer, Close, Fermer la"
十,shí,dix,cmn-44fa9ee9.mp3," dix, dixième, dizaine, de dix, Dix pour"
精神,jīngshén,esprit,cmn-4543d88e.mp3," esprit, alcool"
丢,diū,jeter,cmn-456e471a.mp3," jeter, envoyer, Jetez, jet"
墙,qiáng,mur,cmn-458a3ed2.mp3," mur, paroi, muraille, mural, la paroi"
腿,tuǐ,jambe,cmn-459a9a19.mp3," jambe, cuisse, gigot, branche, de jambe"
米饭,mǐfàn,riz,cmn-45c7369f.mp3," riz, du riz, de riz, le riz"
深,shēn,profond,cmn-45ccce65.mp3," profond, de profondeur, gros, de Deep, en profondeur"
解决,jiějué,résoudre,cmn-46940291.mp3," résoudre, Résolvez, Résolvez les, régler, Résolvez des"
白,bái,blanc,cmn-46bfe155.mp3," blanc, blanches, blancs, Blanche"
地,dì,sol,cmn-46fdbdc3.mp3," sol, terrain, raison, fond"
心,xīn,cœur,cmn-4784abb4.mp3," cœur, de cardiologie, cardiaque, coeur"
感到,gǎndào,sentir,cmn-47880d18.mp3," sentir, ressentir, Sentez, Feel"
班,bān,classe,cmn-479044e6.mp3," classe, catégorie, cours, Class, de catégorie"
加,jiā,plus,cmn-47d21870.mp3," plus, ainsi que, De plus, en plus"
进行,jìnxíng,conduite,cmn-47e00297.mp3," conduite, comportement, conduite de, conduire, conduite des"
水果,shuǐguǒ,fruit,cmn-481c5c0c.mp3," fruit, Fruits, de fruits, aux fruits, des fruits"
看见,kànjiàn,voir,cmn-48256932.mp3," voir, Afficher les, découvrir, savoir, Afficher"
过,guò,passe,cmn-4831fcfe.mp3," passe, Col, de forfaits, col de, de forfaits de"
哥哥,gēge,frère,cmn-48a10390.mp3," frère, confrère, de Brother, frère de"
动,dòng,déménagement,cmn-49099042.mp3," déménagement, mouvement, déplacement, déplacer, bouger"
决定,juédìng,décider,cmn-495d76a2.mp3," décider, Decide, Décider de, Décide, Décidez"
出来,chūlái,sortir,cmn-497ee6cc.mp3," sortir, paraître, Sortez, Sortez du, en sortir"
成绩,chéngjī,réalisation,cmn-499fe9d1.mp3," réalisation, Achievement, Performance, accomplissement, La réalisation"
常常,chángcháng,souvent,cmn-49b50377.mp3," souvent, Bien souvent, fréquemment, souvent des"
下边,xiàbiān,dessous,cmn-49f283de.mp3," dessous"
句,jù,phrase,cmn-4acf18ba.mp3," phrase, peine, jugement, condamnation, la peine"
了,liǎo,la,cmn-4b5bc149.mp3," la, le, aux, au, L'"
个,gè,A,cmn-4bb5cf28.mp3," A, Une, Un, La, Le"
里边,lǐbiān,à l'intérieur 里面 à l'intérieur, intérieur, à l'intérieur de, Inside, dans,cmn-4bca87ee.mp3,"à l'intérieur 里面 à l'intérieur, intérieur, à l'intérieur de, Inside, dans"
输,shū,perdre,cmn-4bf019c2.mp3," perdre, perdre de, Lose, de perdre, Perdez"
午饭,wǔfàn,déjeuner,cmn-4bf4bdb3.mp3," déjeuner, Le déjeuner, lunch, Coin déjeuner, Dîner"
篮球,lánqiú,basket-ball,cmn-4c1d724d.mp3," basket-ball, basket, Basketball, de basket"
抬,tái,ascenseur,cmn-4c22ea02.mp3," ascenseur, de levage, lever, Lift, levage"
回答,huídá,réponse,cmn-4c64f8d8.mp3," réponse, de réponse, préférence, répondre, de préférence"
踢,tī,coup de pied,cmn-4c74be7e.mp3," coup de pied, coup, coup de pied de, coup franc"
表现,biǎoxiàn,spectacle,cmn-4c817fec.mp3," spectacle, show, salon, montrer, exposition"
有时候,yǒushíhou,parfois,cmn-4cdf5169.mp3," parfois, arrive, Il arrive"
春,chūn,printemps,cmn-4d0a2275.mp3," printemps, ressort, du Printemps, printanier, de printemps"
讲,jiǎng,parler,cmn-4d5b1bcd.mp3," parler, dire, Parlez, Parle"
困难,kùnnan,difficile,cmn-4dab643d.mp3," difficile, difficilement, difficiles, difficile de"
着急,zháojí,s'inquiéter,cmn-4e1cbc3d.mp3," s'inquiéter, inquiétude, préoccuper, inquiéter, Inquiétude au"
得很,dehěn,très,cmn-4e27de95.mp3," très, de très, même, tout, bien"
日语,rìyǔ,japonais,cmn-4e45b560.mp3," japonais, Japonaise, japanese, du Japon, Japon"
刀,dāo,couteau,cmn-4e8a5a3a.mp3," couteau, Couteau de, Couteaux, de couteaux, Couteau à"
机场,jīchǎng,aéroport,cmn-4e8fb01c.mp3," aéroport, aéroport le plus, Aéroport à, Airport, Aéroport de"
根,gēn,racine,cmn-4e94c2c1.mp3," racine, de racine, la racine, origine, base"
星期日,xīngqīrì,dimanche,cmn-4edb618a.mp3," dimanche, de dimanche"
但是,dànshì,cependant,cmn-4eeccf0c.mp3," cependant, toutefois, Or, Mais, pourtant"
生日,shēngri,anniversaire,cmn-4ef51d13.mp3," anniversaire, anniversaire L, anniversaire L'"
现代,xiàndài,moderne,cmn-4f2237ad.mp3," moderne, moderne et, modernes, moderne de"
吗,ma,il,cmn-4f4247a4.mp3," il, elle, ce, cela, la"
服务员,fúwùyuán,garçon,cmn-4f642847.mp3," garçon, restauration, serveur, de restauration, Garçon de café"
这样,zhèyàng,cette,cmn-4f673f73.mp3," cette, ce, ces, ceci, Cet"
他,tā,il,cmn-4ff7e06c.mp3," il, celui, Ce"
细,xì,mince,cmn-50064e51.mp3," mince, fin, léger, maigre, faible"
食堂,shítáng,cafétéria,cmn-50b5b3f3.mp3," cafétéria, cafeteria, cafétéria de, Café, cantine"
本,běn,cette,cmn-50ba5fd5.mp3," cette, ce, ces, ceci, cet"
技术,jìshù,technologie,cmn-51229049.mp3," technologie, technologie de, de technologie, de la technologie, la Technologie"
流,liú,ruisseau,cmn-51239c4b.mp3," ruisseau, courant, flux, fleuve, jet"
啊,ā,Ah,cmn-5133df38.mp3," Ah, Eh, euh"
举,jǔ,ascenseur,cmn-516f1b55.mp3," ascenseur, de levage, lever, Lift, levage"
上来,shànglái,en haut,cmn-5178e29f.mp3," en haut, en place, jusqu'à, place, haut"
成,chéng,devenir,cmn-517bf407.mp3," devenir, devenue, devenus, Devenez, devenu"
接,jiē,rencontrer,cmn-519297a2.mp3," rencontrer, Rencontre, Rencontrez, Rencontre avec"
通过,tōngguò,par,cmn-54e27f57.mp3," par, By, en, A, de"
页,yè,page,cmn-5565f896.mp3," page, la page"
轻,qīng,lumière,cmn-5568e2fb.mp3," lumière, de lumière, la lumière, lampe, clair"
在,zài,dans,cmn-55912595.mp3," dans, en, Dans le, Au, chez"
吃,chī,manger,cmn-559893d9.mp3," manger, Manger des, Eat, Consommer, Mange"
为,wèi,à,cmn-5602df4c.mp3," à, pour, en, avec, jusqu'à"
检查,jiǎnchá,inspection,cmn-560b67e1.mp3," inspection, contrôle, d'inspection des, examen"
头,tóu,tête,cmn-560fc521.mp3," tête, chef, Head, chef de, la tête"
球,qiú,balle,cmn-561c47b7.mp3," balle, boule, ballon, bille, bal"
问,wèn,demander,cmn-561ca00f.mp3," demander, Demandez, Demandez à, interroger"
浅,qiǎn,peu profond,cmn-564e5852.mp3," peu profond, faible, peu profonde, faible profondeur, peu profondes"
经济,jīngjì,économie,cmn-56734d39.mp3," économie, Economique, l'Economie, l'Économie, Economie"
苹果,píngguǒ,pomme,cmn-568d6c36.mp3," pomme, Apple a, de pomme, la pomme, apple"
放假,fàngjià,vacances,cmn-56994c87.mp3," vacances, de vacances, Holiday, Location, congé"
认真,rènzhēn,sérieux,cmn-57221a0f.mp3," sérieux, grave, Serious, graves, sérieuse"
不如,bùrú,Pas aussi bon que,cmn-57513e2c.mp3," Pas aussi bon que, Pas aussi bien que, Pas aussi bien, Pas aussi bien qu'il, pas aussi bon"
明天,míngtiān,demain,cmn-5767840f.mp3," demain, avenir, de demain, lendemain"
能够,nénggòu,bidon,cmn-5779813a.mp3," bidon, pouvoir, boîte, peut"
八,bā,huit,cmn-5798dd37.mp3," huit, de huit, huit ans, Eight, Huitième"
饭店,fàndiàn,hôtel,cmn-58276849.mp3," hôtel"
票,piào,billet,cmn-58917c41.mp3," billet, Billet avion, billetterie, carte, billets"
总是,zǒngshì,toujours,cmn-58d4324c.mp3," toujours, Always, jamais"
政府,zhèngfǔ,gouvernement,cmn-58f20d36.mp3," gouvernement, gouvernement de, gouvernementale, du gouvernement, gouvernement a"
建设,jiànshè,Travaux,cmn-593f329d.mp3," Travaux, chantier, de construction, La construction, bâtiment"
她们,tāmen,ils 他们 ils, elles, Il, Ces, eux,cmn-594cdaa8.mp3,"ils 他们 ils, elles, Il, Ces, eux"
主意,zhǔyi,idée,cmn-59541d95.mp3," idée, conception, Idée de, Idea, L'idée"
邮局,yóujú,bureau de poste,cmn-595468bf.mp3," bureau de poste, poste, Courriers, post office, la Poste"
重要,zhòngyào,important,cmn-596fc04c.mp3," important, Attention, important de, importance, importante"
介绍,jièshào,introduction,cmn-59cdbec3.mp3," introduction, Introduction La, initiation, instauration"
中文,zhōngwén,chinois,cmn-5a09ed37.mp3," chinois, chinoise, Chinese, Chine, chinese en"
回去,huíqù,retour,cmn-5a98668e.mp3," retour, remonter, Retourner, rentrer, Retournez"
最初,zuìchū,première,cmn-5abdcae7.mp3," première, premier, d'abord, First, abord"
学习,xuéxí,apprentissage,cmn-5ac6f809.mp3," apprentissage, Apprentissage de, L'apprentissage, Learning, d'apprentissage"
书,shū,livre,cmn-5b18b242.mp3," livre, livret, cahier, Book, carnet"
忽然,hūrán,soudain,cmn-5b84afc3.mp3," soudain, tout à coup, soudainement, subitement, brusquement"
宴会,yànhuì,banquet,cmn-5c0d303a.mp3," banquet, banquets, de banquet, festin"
最后,zuìhòu,enfin,cmn-5c181360.mp3," enfin, a finalement, définitivement"
上午,shàngwǔ,matin,cmn-5c2312e2.mp3," matin, le matin, les matins, matinal"
进,jìn,entrer,cmn-5c30a0b1.mp3," entrer, Entrez, Entrée, Enter, entrer dans"
意见,yìjiàn,avis,cmn-5c8bf183.mp3," avis, opinion, conclusions, l'opinion, d'avis"
从,cóng,à partir de,cmn-5c9b783a.mp3," à partir de, de, depuis, A partir, A partir de"
课,kè,leçon,cmn-5df666a7.mp3," leçon, la Leçon, cours, Lesson"
熟,shú,mature,cmn-5e85ae2f.mp3," mature, adulte, Matures, d'âge mûr, mûr"
谈,tán,parler,cmn-5f16fda0.mp3," parler, conversation, discuter, discours, entretien"
哈哈,hāhā,haha,cmn-5f262806.mp3," haha, ha ha"
思想,sīxiǎng,pensée,cmn-60ba557b.mp3," pensée, idée, pensé, pensé que, avis"
这么,zhème,si,cmn-61856f38.mp3," si, ainsi, aussi, Alors, Donc"
当然,dāngrán,Bien sûr,cmn-61a924ae.mp3," Bien sûr, bien entendu, Bien sur"
中午,zhōngwǔ,midi,cmn-61c68565.mp3," midi, h, mdi, de midi, heures"
客气,kèqi,poli,cmn-61f68e1c.mp3," poli, composant Polite, polie, courtois, polis"
好像,hǎoxiàng,comme,cmn-6214ea41.mp3," comme, l'instar, Like, analogue, instar"
人们,rénmen,personnes,cmn-6215a6b0.mp3," personnes, gens, Les gens, Les personnes, citoyens"
漂亮,piàoliang,beau,cmn-62177238.mp3," beau, Bel, belles, magnifique, belle"
不用,búyòng,besoin pas,cmn-621e77e5.mp3," pas, non, ne, ne pas, pas de"
做,zuò,faire,cmn-622a1809.mp3," faire, Avez, do, effectuer, accomplir"
元,yuán,yuan,cmn-622d75cd.mp3," yuan, yuans, de yuans, de yuan, des Yuan"
周围,zhōuwéi,autour,cmn-626222d7.mp3," autour, autour de, Around, Dans la région, Dans la région de"
最,zuì,plus,cmn-62623336.mp3," plus, La plupart des, Les Plus, plupart, La plupart"
外国,wàiguó,Les pays étrangers,cmn-628b2217.mp3," Les pays étrangers, des pays étrangers, Foreign countries, L'étranger, de pays étrangers"
贵,guì,cher,cmn-631274b5.mp3," cher, coûteux, chers, coûteuse, chère"
掉,diào,automne,cmn-634afb41.mp3," automne, chute, tomber, baisse, chutes"
丰富,fēngfù,richesse,cmn-636a881e.mp3," richesse, de richesse, fortune, la richesse, de patrimoine"
听说,tīngshuō,entendre,cmn-6392fc94.mp3," entendre, Entends, Ecoutez, apprendre, Entendez"
夜,yè,nuit,cmn-63ba6ddb.mp3," nuit, la nuit, de nuit, nocturne"
啦,la,la,cmn-63ebb3db.mp3," la, de La"
人,rén,personnes,cmn-6434bdce.mp3," personnes, gens, Les gens, Les personnes, citoyens"
磁带,cídài,La bande magnétique,cmn-64618ea7.mp3," La bande magnétique, Bande magnétique, Les bandes magnétiques, Bandes magnétiques, sur bandes magnétiques"
坐,zuò,s'asseoir,cmn-6488ac4a.mp3," s'asseoir, Assieds, Asseyez"
新年,xīnnián,Nouvel an,cmn-64c9b539.mp3," Nouvel an, l'An, New Year, du Nouvel An, le nouvel an"
收,shōu,recevoir,cmn-65012ca7.mp3," recevoir, de réception, Recevez des, Recevez les, accueillir"
火车,huǒchē,train,cmn-6540da8f.mp3," train, Entraîner, Entraînez, de train"
星期,xīngqī,semaine,cmn-65a123ce.mp3," semaine, la semaine, Semaine de, la Semaine de, Semaine de la"
去年,qùnián,année dernière,cmn-65cc9cd5.mp3," année dernière, an dernier, l'an dernier"
生词,shēngcí,Nouveau mot,cmn-66412418.mp3," mot, mot de, parole, terme, mots"
鱼,yú,poisson,cmn-667b5263.mp3," poisson, de poissons, Le poisson, Les poissons, de poisson"
演出,yǎnchū,spectacle,cmn-66958c8f.mp3," spectacle, show, salon, Montrer, exposition"
敢,gǎn,oser,cmn-66c0c99b.mp3," oser, Dare, défi, Ose, audace"
过来,guòlái,arrivant,cmn-66f02629.mp3," arrivant, Entrée, venant, approche, En venant"
钟头,zhōngtóu,heure,cmn-67227258.mp3," heure, Heures, heures sur, h, Heure de"
希望,xīwàng,espoir,cmn-6735420c.mp3," espoir, espérer, Au plaisir, En espérant, espérance"
目前,mùqián,actuellement,cmn-67803c7a.mp3," actuellement, Currently, en ce moment, Actuel"
组织,zǔzhī,organisation,cmn-67ef3525.mp3," organisation, Organisation de, association, l'organisation"
全部,quánbù,complet,cmn-68022ee7.mp3," complet, Complete, complètes, complètes sur, Complète"
当,dāng,quand,cmn-6805d952.mp3," quand, Lors, Lorsqu'il, Lorsque, alors que"
掌握,zhǎngwò,saisir,cmn-6823e5a4.mp3," saisir, prise, compréhension, Grasp, poigne"
到,dào,à,cmn-68536a96.mp3," à, pour, en, avec, jusqu'à"
访问,fǎngwèn,accès,cmn-688e3e6a.mp3," accès, accéder, d'accès, accès à"
文章,wénzhāng,article,cmn-689f05e1.mp3," article, l'article, de l'article"
冷,lěng,froid,cmn-68b4d2bb.mp3," froid, de Cold, Froide, de froid"
窗,chuāng,fenêtre,cmn-696f4db3.mp3," fenêtre, guichet, hublot, de fenestration, Fenêtre de"
吧,ba,il,cmn-699b7708.mp3," il, elle, ce, cela, la"
或者,huòzhě,ou,cmn-69c272eb.mp3," ou, ni, Ou bien, Or, ou d'"
椅子,yǐzi,chaise,cmn-6a7065c8.mp3," chaise, la présidente, le président, Chaire, fauteuil"
听写,tīngxiě,dictation,cmn-6ad3ac59.mp3," dictation, Dictée, dictées, de dictée, Dicter"
小孩儿,xiǎoháir,Un enfant 小孩 Un enfant, enfant, L'enfant,cmn-6b45fa36.mp3,"Un enfant 小孩 Un enfant, enfant, L'enfant"
发,fā,cheveux,cmn-6b7bec0f.mp3," cheveux, de cheveux, chevelure, cheveu"
干净,gānjìng,propre,cmn-6bb45801.mp3," propre, net, nettoyer, Nettoyez, Clean"
放,fàng,libération,cmn-6bdaa495.mp3," libération, sortie, de sortie, libérer, de presse"
翻,fān,tour,cmn-6c02c744.mp3," tour, Allumez, tournant, Mettez, Tourner"
棵,kē,Arbres,cmn-6c0fdd29.mp3," Arbres, Les arbres, Trees, arbres ont, Arbre"
满意,mǎnyì,satisfaction,cmn-6c9871b5.mp3," satisfaction, satisfaction de, la satisfaction, de satisfaction, Note de satisfaction"
月,yuè,mois,cmn-6cb9bb04.mp3," mois, Mois de, le Mois"
多少,duōshao,Combien,cmn-6cf50c25.mp3," Combien, Combien d', Dans quelle mesure, Quel, Combien de"
克,kè,gramme,cmn-6cf6fdff.mp3," gramme, de Gram, gram, bactéries Gram, g"
那么,nàme,puis,cmn-6cfed86f.mp3," puis, alors, ensuite"
动物,dòngwù,animal,cmn-6d244c20.mp3," animal, animale, bête, d'un animal, animaux"
躺,tǎng,incliner,cmn-6d2e44aa.mp3," incliner, reposer, inclinaison, inclinable, inclinaison du dossier"
戴,dài,porter,cmn-6d7810d6.mp3," porter, mettre, Porter des, port, Portez des"
练习,liànxí,pratique,cmn-6f42642c.mp3," pratique, entraînement, habitude, la pratique, cabinet"
刚才,gāngcái,tout à l'heure,cmn-7007a18c.mp3," tout à l'heure, ce moment, pour le moment, A l'instant"
下去,xiàqù,continuer,cmn-70624752.mp3," continuer, Allez, Continuez, Partir en"
上,shàng,sur,cmn-70dbefe0.mp3," sur, dans, en, Le, D'"
通,tōng,par,cmn-722bd02c.mp3," par, à travers, Grâce, au travers, Grâce à"
快,kuài,rapide,cmn-7231034e.mp3," rapide, jeûner, fast, jeûne"
足球,zúqiú,football,cmn-72c8ba29.mp3," football, de football, foot, au football, du football"
夫人,fūren,Mme,cmn-73f3e81c.mp3," Mme, M me, Mrs, madame, Mrs."
跑,pǎo,course,cmn-743cc3a7.mp3," course, courir, descente, cours, fonctionner"
团结,tuánjié,unité,cmn-74659fb5.mp3," unité, d'unité, union, Unity"
学,xué,apprendre,cmn-74740f20.mp3," apprendre, Apprenez, en apprendre davantage, En savoir, Découvrez"
件,jiàn,matière,cmn-7499c0a4.mp3," matière, question, affaire, chose, la Matière"
喂,wèi,alimentation,cmn-74c504c9.mp3," alimentation, fourrage, Faire, Flux, Fil"
红,hóng,rouge,cmn-751e9bc1.mp3," rouge, de Red, le rouge, Red"
马上,mǎshàng,immédiatement,cmn-75998641.mp3," immédiatement, De suite, immédiate, aussitôt, directement"
哪里,nǎlǐ,où,cmn-75c4a59b.mp3," où, Lorsqu'il, Lorsqu'une, Lorsque, cas où"
倒,dǎo,inverti,cmn-75eaa17a.mp3," inverti, Inversée, Inverted, inversé, inversés"
国,guó,pays,cmn-770d57b9.mp3," pays, Country, le pays, patrie, campagne"
医院,yīyuàn,hôpital,cmn-7746a722.mp3," hôpital, Hospital, Hôpital d', hospitalier, Hôpital de"
咳嗽,késou,toux,cmn-77b37f31.mp3," toux, Cough, de toux, La toux, contre la toux"
别人,biéren,D'autres personnes,cmn-77c22a19.mp3," D'autres personnes, Autres personnes, D'autres personnes ont, autrui, autres"
穿,chuān,porter,cmn-77f7b68a.mp3," porter, mettre, Porter des, port, Portez des"
故事,gùshi,histoire,cmn-7815d3b3.mp3," histoire, histoire de, article, affaire, conte"
基本,jīběn,de base,cmn-7929b36a.mp3," de base, essentiel, Basic, base, basique"
爸爸,bàba,père,cmn-799ef867.mp3," père, abbé, le père, P."
暖和,nuǎnhuo,chaud,cmn-7a12ed2d.mp3," chaud, chaleureux, chauffer, réchauffer, chaude"
喊,hǎn,cri,cmn-7a1e8cfb.mp3," cri, cri de, crier, Criez, crient"
一般,yìbān,général,cmn-7a327141.mp3," général, générale, générales, General, général de"
汽车,qìchē,voiture,cmn-7a4fb9ef.mp3," voiture, car, de voitures, auto, de voiture"
脏,zāng,sale,cmn-7a589bf4.mp3," sale, dirty, sale de"
钟,zhōng,cloche,cmn-7ab55470.mp3," cloche, clochette, de Bell, Bell a, cloche de"
着,zhe,la,cmn-7abb6840.mp3," la, le, aux, au, L'"
辅导,fǔdǎo,tuteur,cmn-7ac485fa.mp3," tuteur, précepteur, le tuteur, professeur particulier, instituteur"
道理,dàolǐ,raison,cmn-7acd56ab.mp3," raison, Exposé des motifs, motif, Motif de la, cause"
水,shuǐ,eau,cmn-7ae7ac2d.mp3," eau, eaux, d'eau, de l'eau"
树,shù,arbre,cmn-7b216a3b.mp3," arbre, Arbres, d'arbre, arborescence, Arbre de"
结束,jiéshù,fin,cmn-7b512b46.mp3," fin, but, End, extrémité, bout"
特别,tèbié,spécial,cmn-7b782302.mp3," spécial, spécial a, particulier, extraordinaire, Special"
事情,shìqing,chose,cmn-7c2bc98d.mp3," chose, chose que, choses, affaire, chose la"
进来,jìnlái,Entrez,cmn-7c3fce0e.mp3," Entrez, entrer, entrer en, Come in, entrer dans"
精彩,jīngcǎi,merveilleux,cmn-7c6131b6.mp3," merveilleux, magnifique, extraordinaire, formidable, Merveilleuse"
帽子,màozi,chapeau,cmn-7c6bbdab.mp3," chapeau, camionneur, Chapeau de, Casquette, de camionneur"
电灯,diàndēng,La lumière électrique,cmn-7cf564b7.mp3," La lumière électrique, lumière électrique, lumiére électrique, l'éclairage électrique, lampe électrique"
附近,fùjìn,proche,cmn-7d001f59.mp3," proche, près, environs, proximité, A proximité"
电车,diànchē,tram,cmn-7d86e2d1.mp3," tram, de tramway, le tramway, de tram, le tram"
住,zhù,en direct,cmn-7dc6ef2a.mp3," en direct, direct, live, en live, en concert"
湖,hú,lac,cmn-7e455680.mp3," lac, de lac, du lac, lac de"
汤,tāng,soupe,cmn-7e4b8d08.mp3," soupe, la soupe, Soup, de la soupe, Potage"
文化,wénhuà,culture,cmn-7e64f673.mp3," culture, culture de, de culture, de la culture, culturelles"
经验,jīngyàn,expérience,cmn-7e7b65b6.mp3," expérience, expérience de, d'expérience, Experience"
一定,yídìng,sûrement,cmn-7e8ef4af.mp3," sûrement, assurément, Certes, bien sûr"
知道,zhīdào,savoir,cmn-7ecd53b4.mp3," savoir, connaître, faire savoir, Know, Connaissez"
时间,shíjiān,temps,cmn-7edf331d.mp3," temps, fois, Le temps, moment, Durée"
亮,liàng,brillant,cmn-7eee69b3.mp3," brillant, clair, lumineuse, lumineux, intelligent"
先生,xiānsheng,M.,cmn-7f908d4a.mp3," M., Monsieur le, Mr., de M., monsieur"
市,shì,ville,cmn-7fc20de5.mp3," ville, city, la ville, la ville de"
为什么,wèishénme,Pourquoi,cmn-7fd1a980.mp3," Pourquoi, Pourquoi est, pour laquelle, la raison pour laquelle, pour lesquelles"
爬,pá,montée,cmn-7fd6e2b7.mp3," montée, escalade, grimper, Grimpez, Climb"
香蕉,xiāngjiāo,bananes,cmn-8005eb32.mp3," bananes, Bananas, des bananes, banane, La banane"
接着,jiēzhe,puis,cmn-80460faa.mp3," puis, alors, ensuite"
从前,cóngqián,Autrefois,cmn-80e7ceee.mp3," Autrefois, Par le passé, dans le passé"
礼物,lǐwù,cadeau,cmn-8166bc86.mp3," cadeau, Cadeaux, don, cadeau à"
街,jiē,rue,cmn-81c7d345.mp3," rue, de rue, la rue, route"
年级,niánjí,année,cmn-82b92e66.mp3," année, Année de, ans, an"
卡车,kǎchē,camion,cmn-82c576e1.mp3," camion, Camion porteur, de camion, de camions, camions"
开玩笑,kāiwánxiào,blague,cmn-83041c44.mp3," blague, plaisanterie, gag, de Joke, Joke"
我们,wǒmen,nous,cmn-830fc462.mp3," nous, de nous, entre nous"
生产,shēngchǎn,produire,cmn-8355f2be.mp3," produire, fabriquer, Produire des, production, Produisez"
可是,kěshì,mais,cmn-836b17fb.mp3," mais, Cependant"
外,wài,extérieur,cmn-836f84c5.mp3," extérieur, extra, extra- atmosphérique, externe"
您,nín,vous,cmn-8396a413.mp3," vous, te, toi"
告诉,gàosu,dire,cmn-83c369d7.mp3," dire, Faites savoir, Dites"
东,dōng,Est,cmn-840f5ab1.mp3," Est, l'Est, East"
东边,dōngbiān,Est,cmn-843cecf8.mp3," Est, l'Est, East"
下课,xiàkè,classe Terminer,cmn-844f356d.mp3," Terminer, Finish, finition, de finition, fini"
永远,yǒngyuǎn,pour toujours,cmn-84cbdb5d.mp3," pour toujours, toujours, forever, jamais, sans cesse"
完,wán,complet,cmn-84e29535.mp3," complet, Complete, complètes, complètes sur, Complète"
糖,táng,sucre,cmn-8568d43d.mp3," sucre, sucres, du sucre, de Sucre, le sucre"
离开,líkāi,laisser,cmn-857659eb.mp3," laisser, quitter, congé, Donner des, abandonner"
被,bèi,est,cmn-8585fc01.mp3," est, Is, Ce est"
外边,wàibiān,extérieur,cmn-85cda5ba.mp3," extérieur, à l'extérieur, dehors, dehors de"
大夫,dàifu,médecin,cmn-861622be.mp3," médecin, docteur, Doctor, Le docteur, Dr"
见面,jiànmiàn,rencontrer,cmn-86337728.mp3," rencontrer, Rencontre, Rencontrez, Rencontre avec"
办,bàn,faire,cmn-86b305db.mp3," faire, Avez, do, effectuer, accomplir"
问好,wènhǎo,Dites bonjour,cmn-8792eb09.mp3," Dites bonjour, dire bonjour, Dis bonjour, lui dire bonjour"
立刻,lìkè,immédiatement,cmn-87ec7f28.mp3," immédiatement, Aussitôt, Du coup, A la fois"
念,niàn,idée,cmn-883e3e2d.mp3," idée, conception, Idée de, Idea, l'idée"
纸,zhǐ,papier,cmn-887c62bb.mp3," papier, de papier, en papier, feuille, article"
秋天,qiūtiān,automne,cmn-889488cf.mp3," automne, autumn, d'automne"
以为,yǐwéi,pensée,cmn-88f62e5b.mp3," pensée, idée, Pensé, pensé que, avis"
对不起,duìbuqǐ,Je suis désolé,cmn-893fa634.mp3," Je suis désolé, Je regrette, Je me excuse, Je regrette de"
圆,yuán,ronde,cmn-8947285a.mp3," ronde, rond, tour, circulaire, autour"
晚会,wǎnhuì,partie de soirée,cmn-8975fe0f.mp3," de soirée, du soir, Evening, le soir, en soirée"
们,men,ils,cmn-89fb39de.mp3," ils, elles, Il, Ces, eux"
信封,xìnfēng,enveloppe,cmn-8a0416d7.mp3," enveloppe, d'enveloppe de, Envelope, d'enveloppe, d'enveloppes"
法语,fǎyǔ,français,cmn-8a2fc405.mp3," français, française, françaises"
互相,hùxiāng,les uns les autres,cmn-8a8b6fe7.mp3," les uns les autres, Chacune des autres, l'un l'autre, les uns des autres, Chacun des autres"
民族,mínzú,nation,cmn-8a8cf997.mp3," nation, nation des, nation du, la nation, Nation de"
骑,qí,tour,cmn-8a92c58c.mp3," tour, balade, promenade, course, Rail"
问题,wèntí,problème,cmn-8acd50ed.mp3," problème, problème de, problèmes, difficulté"
多,duō,plus,cmn-8ad9c8ee.mp3," plus, davantage de, en savoir plus, More, davantage"
词典,cídiǎn,dictionnaire,cmn-8af61b16.mp3," dictionnaire, dans le dictionnaire, Dictionnaire de, Dictionary, le dictionnaire"
握手,wòshǒu,poignée de main,cmn-8afad5a7.mp3," poignée de main, poignée de mains, Poignée, handshake, Poignée de"
停,tíng,Stop,cmn-8b49bd3c.mp3," Stop, Arrêter, mettre fin, mettre un terme, arrêt"
蓝,lán,bleu,cmn-8c626e2a.mp3," bleu, bleu de, Bleue, azur"
正确,zhèngquè,correct,cmn-8c697192.mp3," correct, correcte, corriger, Corriger l', correctes"
比,bǐ,rapport,cmn-8cd3827b.mp3," rapport, ratio, proportion, Rapport de, Format"
妹妹,mèimei,sœur,cmn-8d9f42b8.mp3," sœur, consœur, la soeur, la sœur, consoeur"
嘛,ma,bien,cmn-8e2d8187.mp3," bien, bon, Eh bien, Eh"
活,huó,en direct,cmn-8e3474b8.mp3," en direct, direct, live, en live, en concert"
第,dì,article,cmn-8e3e0311.mp3," article, l'article, de l'article"
意义,yìyì,sens,cmn-8f0bbf0a.mp3," sens, signification, qui signifie, signifiant, ce qui signifie"
退,tuì,retraite,cmn-8f492956.mp3," retraite, recul, refuge, repli, de Recul"
今年,jīnnián,Cette année,,cmn-8fc6e742.mp3," Cette année,, Cette année, année, de cette année"
咱们,zánmen,nous,cmn-8ff996d1.mp3," nous, Nous avons, Il, Nous nous"
一,yī,une,cmn-900e06fe.mp3," une, un, L'une, One, L'un"
全体,quántǐ,l'ensemble du,cmn-90144fed.mp3," l'ensemble du, l'ensemble, la totalité, l'ensemble de, l'intégralité"
医生,yīshēng,médical,cmn-901eb874.mp3," médical, de médecine, médicale, médecine, médicales"
化学,huàxué,chimie,cmn-90431e4b.mp3," chimie, chimique, chimiques, Chemistry, chimie de"
边,biān,bord,cmn-904bd014.mp3," bord, bords, bordure, arête, bord de"
请问,qǐngwèn,excusez-moi,cmn-905a3f35.mp3," excusez-moi, Je me excuse, Pardon"
打算,dǎsuàn,vouloir,cmn-909e9430.mp3," vouloir, avoir l'intention, L'intention, intention, l'intention de"
合适,héshì,approprié,cmn-90a6033e.mp3," approprié, adapté, convenable, adéquat, appropriés"
药,yào,médecine,cmn-90f40075.mp3," médecine, médecine de, la médecine, de médecine, Medicine"
刮,guā,éraflure,cmn-925c57f5.mp3," éraflure, rayure, gratter, aux rayures"
寄,jì,envoyer,cmn-93222c46.mp3," envoyer, Envoyer un, Envoyez, adresser, envoyer des"
信,xìn,lettre,cmn-93268067.mp3," lettre, Lettre d', la lettre, courrier, Letter"
麻烦,máfan,problème,cmn-933b39b7.mp3," problème, difficulté, trouble, mal, peine"
跟,gēn,avec,cmn-9384eea0.mp3," avec, Avec des, En ce qui, Grâce, de"
吹,chuī,coup,cmn-93944a6b.mp3," coup, coup de poing, Fuite des, Fuite des gaz, Fuite"
位,wèi,lieu,cmn-93c88e06.mp3," lieu, place, endroit, la Place, Placer"
起,qǐ,début,cmn-940724d8.mp3," début, départ, commencer, débuter, commencement"
点钟,diǎnzhōng,heure,cmn-942be519.mp3," heure, O'clock, h, heures"
矮,ǎi,court,cmn-945b070d.mp3," court, Courte, Courts, bref"
找,zhǎo,trouver,cmn-94b6c889.mp3," trouver, Rechercher, Retrouvez, découvrir, retrouver"
妈妈,māma,maman,cmn-94d6dd46.mp3," maman, la maman, Mom, la mère, mère"
累,lèi,fatigué,cmn-952ccaf2.mp3," fatigué, avez assez, Fatiguée, en avez assez, Fatigués"
钢笔,gāngbǐ,stylo,cmn-95502c8a.mp3," stylo, la plume, Pen, Plume, enclos"
数,shǔ,nombre,cmn-9579b8d3.mp3," nombre, numéro, certain nombre, chiffre, Number"
铅笔,qiānbǐ,crayon,cmn-95d592bd.mp3," crayon, de crayon, le crayon, au crayon"
也许,yěxǔ,peut-être,cmn-962c4861.mp3," peut-être, Peut"
父亲,fùqīn,père,cmn-96a28c62.mp3," père, abbé, le père, P."
录音,lùyīn,enregistrement,cmn-9700696d.mp3," enregistrement, Enregistrement du, d'enregistrement, de tournage"
习惯,xíguàn,habitude,cmn-970352b4.mp3," habitude, L'habitude, coutume, accoutumance, Habit"
站,zhàn,station,cmn-97cc51f5.mp3," station, gare de, la station, la station de, gare"
意思,yìsi,sens,cmn-98d132a3.mp3," sens, signification, qui signifie, signifiant, ce qui signifie"
响,xiǎng,son,cmn-990ded1d.mp3," son, entendre, résonner, sain, bruit"
节,jié,festival,cmn-9a6acac7.mp3," festival, Festival du, festivals, du Festival, festival de"
各种,gèzhǒng,Toutes sortes,cmn-9a943e78.mp3," Toutes sortes, Tous les types, Différents types, Tout type, de toutes sortes"
一起,yìqǐ,ensemble,cmn-9abff013.mp3," ensemble, ainsi que, conjointement, En collaboration, ainsi"
看病,kànbìng,Consultez un médecin,cmn-9b52dce5.mp3," Consultez un médecin, Consulter un médecin, Voir le docteur, Consulter un médecin selon"
怎样,zěnyàng,comment,cmn-9bd21e72.mp3," comment, la façon, la façon dont, Combien, façon dont"
紧,jǐn,serré,cmn-9bf742c0.mp3," serré, Collant, serrée, rigoureux, strict"
表演,biǎoyǎn,spectacle,cmn-9c30a57b.mp3," spectacle, show, salon, Montrer, exposition"
连_都_,lián_dōu,Même tous les _ _ 连 Même, Bien, Jusqu'à, Encore 都 tous les, tous, tout, les, ensemble _ _ _ _,cmn-9cbec626.mp3,"Même tous les _ _ 连 Même, Bien, Jusqu'à, Encore 都 tous les, tous, tout, les, ensemble _ _ _ _"
变化,biànhuà,changement,cmn-9d7a36e7.mp3," changement, Changer de, modification, Change, Changer"
办公室,bàngōngshì,bureau,cmn-9d80b3ca.mp3," bureau, Bureau de, charge, fonction, cabinet"
俩,liǎ,les deux,cmn-9dfd0855.mp3," les deux, Tant, deux, Ces deux, la fois"
把,bǎ,la,cmn-9e2f6fff.mp3," la, le, aux, au, L'"
交,jiāo,payer,cmn-9e3b80ad.mp3," payer, Payez, paie, acquitter, paye"
海,hǎi,mer,cmn-9e9909d2.mp3," mer, mer de, la mer, de la mer, marin"
用,yòng,utilisation,cmn-9ecc7bf3.mp3," utilisation, emploi, usage, l'utilisation"
内,nèi,dans,cmn-a063833b.mp3," dans, Au sein, sein de, Au sein de, sous"
那个,nàge,que,cmn-a085a8ca.mp3," que, qui, celui, cela, cet"
操场,cāochǎng,cour de récréation,cmn-a123e7d5.mp3," cour de récréation, aire de jeu pour, aire de jeux pour, aire de jeu, aire de jeux"
跳,tiào,Jump,cmn-a15c8243.mp3," Jump, Acteur, Saut, Aller, saut en"
碗,wǎn,bol,cmn-a1b6c7bb.mp3," bol, boule, Bowl, bocal, Bol et saladier"
晚饭,wǎnfàn,dîner,cmn-a210614b.mp3," dîner, Diner, dîner au, Dinner, dîner de"
哭,kū,cri,cmn-a263cdd5.mp3," cri, Cri de, crier, cris, Cri de l'"
觉得,juéde,Je pense que,cmn-a28715e1.mp3," Je pense que, Je pense, Je crois que, Je crois, mon avis"
车站,chēzhàn,station,cmn-a30f3ad7.mp3," station, gare de, la station, la station de, Gare"
记,jì,rappeler,cmn-a3557ae1.mp3," rappeler, se rappeler, Ne oubliez pas de, Ne oubliez pas"
贵姓,guìxìng,Votre nom,cmn-a357d2ab.mp3," Votre nom, le nom, ton nom, vos nom, de votre nom"
面条儿,miàntiáor,Nouilles enfants 面条 Nouilles, Noodles, des nouilles, macaronis, de nouilles 儿 enfants, enfants de, des enfants, d'enfants, enfant,cmn-a369c43e.mp3,"Nouilles enfants 面条 Nouilles, Noodles, des nouilles, macaronis, de nouilles 儿 enfants, enfants de, des enfants, d'enfants, enfant"
口,kǒu,bouche,cmn-a3acbd8f.mp3," bouche, embouchure, entrée, Bouche des"
屋子,wūzi,maison,cmn-a43b78a7.mp3," maison, chambre, house, la maison, Appartement"
一共,yígòng,tout à fait,cmn-a442f086.mp3," tout à fait, tout, complètement, Au total, Dans l'ensemble"
斤,jīn,Jin,cmn-a48e3f6d.mp3," Jin, Jin a, de jin"
四,sì,quatre,cmn-a500d244.mp3," quatre, de quatre, Four, à quatre"
预习,yùxí,préparation,cmn-a56fc816.mp3," préparation, préparatoire, prep, de préparation, prép"
跳舞,tiàowǔ,danse,cmn-a5e92024.mp3," danse, danses, de Danse, dance, danser"
馆,guǎn,maison,cmn-a5f40f47.mp3," maison, chambre, house, la maison, Appartement"
向,xiàng,à,cmn-a621e291.mp3," à, pour, en, avec, jusqu'à"
场,chǎng,champ,cmn-a62854dd.mp3," champ, domaine, terrain, champs, Le champs"
笔,bǐ,stylo,cmn-a63cbb8f.mp3," stylo, la plume, Pen, plume, enclos"
钱,qián,argent,cmn-a66359bf.mp3," argent, de l'argent, fonds, d'argent"
部分,bùfen,section,cmn-a6b8365c.mp3," section, coupe, la section, paragraphe, article"
实现,shíxiàn,réalisation,cmn-a70f5c9e.mp3," réalisation, conscience, prise de conscience, Realization, concrétisation"
了解,liǎojiě,comprendre,cmn-a73a5801.mp3," comprendre, comprendre les, Comprenez, compréhension, comprends"
一样,yíyàng,comme,cmn-a7943b0d.mp3," comme, l'instar, Like, analogue, instar"
分,fēn,point,cmn-a7e9ff0f.mp3," point, Point d', Le point, endroit, moment"
角,jiǎo,angle,cmn-a7f7804c.mp3," angle, d'angle, Angle de"
相信,xiāngxìn,croire,cmn-a8f4a398.mp3," croire, croyez, Believe, Crois"
点心,diǎnxin,dessert,cmn-a91a1add.mp3," dessert, ce restaurant, de dessert, Desserts"
北,běi,Nord,cmn-a9351af9.mp3," Nord, au nord, du Nord, North"
年,nián,année,cmn-a963a93d.mp3," année, Année de, ans, an"
虽然,suīrán,bien que,cmn-a99b66b9.mp3," bien que, quoique, cependant, Bien que les, Bien"
去,qù,aller,cmn-a9db1498.mp3," aller, Allez, Go, Accédez, aller à"
千,qiān,mille,cmn-aaf4ffc5.mp3," mille, des Mille, millier de"
迟到,chídào,être en retard,cmn-ab73e5ff.mp3," être en retard, en retard, retard, arriver en retard, en retard à"
感谢,gǎnxiè,Merci,cmn-ab7653f8.mp3," Merci"
间,jiān,entre,cmn-ab7e5975.mp3," entre, entre la, entre le, De, entre l'"
二,èr,deux,cmn-ab8e2857.mp3," deux, en deux, les deux, de deux, deuxième"
好看,hǎokàn,Beau,cmn-aba7f4a8.mp3," Beau, bonne mine, de bonne mine, Il est beau, Bonne prospectifs"
窗户,chuānghu,fenêtre,cmn-abb34ccd.mp3," fenêtre, guichet, hublot, de fenestration, Fenêtre de"
太,tài,trop,cmn-ac00f842.mp3," trop, aussi, Too, également"
两,liǎng,deux,cmn-ac0de22f.mp3," deux, en deux, les deux, de deux, deuxième"
错误,cuòwù,erreur,cmn-ac405b50.mp3," erreur, Erreur lors, Erreur lors de, d'erreur, Erreur de"
农业,nóngyè,agriculture,cmn-ac56162a.mp3," agriculture, de l'agriculture, agricole, agricoles"
城,chéng,ville,cmn-acb1f3ab.mp3," ville, city, la ville, la ville de"
坚持,jiānchí,adhérer à,cmn-acc60110.mp3," adhérer à, Adhérer au, Coller à, adhérer aux, Respecter"
方法,fāngfǎ,manière,cmn-ad01bc3e.mp3," manière, façon, chemin, mode, moyen"
叫,jiào,appel,cmn-ad7735bd.mp3," appel, Appeler, appels, Cote, Appelez"
歌,gēge,chanson,cmn-ad8978af.mp3," chanson, la chanson, morceau, Cantique, Chant"
是,shì,il est,cmn-addfcb6b.mp3," il est, il ne est, ce est, Ce ne est"
这个,zhège,cette,cmn-adfe1f9d.mp3," cette, ce, ces, ceci, cet"
层,céng,couche,cmn-ae00b6ac.mp3," couche, calque, couche de, calques, couches"
完全,wánquán,complet,cmn-ae035679.mp3," complet, Complete, complètes, complètes sur, Complète"
再,zài,de nouveau,cmn-aeb80b09.mp3," de nouveau, encore, A nouveau, Again, Encore une fois"
起床,qǐchuáng,se lever,cmn-af39f74c.mp3," se lever, lever, Get up"
咱,zán,nous,cmn-af79a0db.mp3," nous, Nous avons, Il, Nous nous"
买,mǎi,acheter,cmn-afcc0713.mp3," acheter, a vendre, Acheter des, achat, Acheter en"
南,nán,Sud,cmn-b02e2bb8.mp3," Sud, du Sud, South, au sud, Nord"
讨论,tǎolùn,discuter,cmn-b0dc62bc.mp3," discuter, Discuter des, Discutez, Commente, Discuter de"
便宜,piányi,bon marché,cmn-b0e54ccd.mp3," bon marché, peu coûteux, Pas cher, Economique, peu coûteuse"
友谊,yǒuyì,amitié,cmn-b0fc7875.mp3," amitié, Friendship, l'Amitié, d'amitié"
它们,tāmen,ils,cmn-b10af37c.mp3," ils, elles, Il, Ces, eux"
飞机,fēijī,avion,cmn-b1beabae.mp3," avion, aéronef, aéronefs, Aircraft, Avions"
作业,zuòyè,opération,cmn-b1fb4c18.mp3," opération, fonctionnement, l'Opération, d'exploitation, exploitation"
非常,fēicháng,très,cmn-b20f939a.mp3," très, de très, même, tout, bien"
渴,kě,assoiffé,cmn-b23e2625.mp3," assoiffé, a soif, assoiffée, altéré, de Thirsty"
这,zhè,cette,cmn-b23ec19d.mp3," cette, ce, ces, ceci, Cet"
危险,wēixiǎn,dangereux,cmn-b249b77e.mp3," dangereux, dangereuse, danger, dangereuses"
真正,zhēnzhèng,réel,cmn-b24f2d9e.mp3," réel, Biens, Ouvrir_session, Annonce, Immobilier"
要求,yāoqiú,revendication,cmn-b25052c3.mp3," revendication, demande, la revendication, créance, des revendications"
儿子,érzi,fils,cmn-b2b320a7.mp3," fils, fils de, le fils"
艺术,yìshù,lettres,cmn-b31e932c.mp3," lettres, Art, arts de, Culture"
办法,bànfǎ,manière,cmn-b3602394.mp3," manière, façon, chemin, mode, moyen"
十分,shífēn,très,cmn-b370a8f2.mp3," très, de très, même, tout, bien"
要是,yàoshi,si,cmn-b3c9915d.mp3," si, cas, Se, se il"
刚,gāng,juste,cmn-b3e8a340.mp3," juste, seulement, Il suffit, exactement, Il suffit de"
睡觉,shuìjiào,sommeil,cmn-b41187ea.mp3," sommeil, de sommeil, du sommeil, en veille, coucher"
写,xiě,écrire,cmn-b462df74.mp3," écrire, Donnez votre, Ecrire une, noter, Donner votre"
工人,gōngrén,travailleur,cmn-b46c727d.mp3," travailleur, employé, Ouvrier du, des travailleurs, ouvrier"
电话,diànhuà,téléphone,cmn-b4797b26.mp3," téléphone, phone, Telephone, Tél, de téléphone"
黄,huáng,jaune,cmn-b4960277.mp3," jaune, le jaune, yellow, Jaunes"
怎么,zěnme,comment,cmn-b5304e39.mp3," comment, la façon, la façon dont, Combien, façon dont"
学校,xuéxiào,école,cmn-b545b5e9.mp3," école, cours, l'école, lycée, collège"
路,lù,route,cmn-b55dde0c.mp3," route, chemin, la route, de route"
服务,fúwù,service,cmn-b58e0c3f.mp3," service, de service, la fonction, le service"
他们,tāmen,ils,cmn-b5919f86.mp3," ils, elles, Il, Ces, eux"
劳动,láodòng,travail,cmn-b5922b85.mp3," travail, du Travail, Labor"
顿,dùn,Dayton,cmn-b5b01188.mp3," Dayton, de Dayton, Dayton et"
因为,yīnwèi,parce que,cmn-b5b522c8.mp3," parce que, Du fait, Parce, Car, En raison"
疼,téng,douleur,cmn-b620cd0c.mp3," douleur, la douleur, mal, de la douleur, douleurs"
指,zhǐ,doigt,cmn-b6c4b4c4.mp3," doigt, de doigt, doigt de, des doigts, doigts"
应该,yīnggāi,Si,cmn-b7cc3b8d.mp3," Si, Au cas où, devraient, devrait, Au cas"
音乐,yīnyuè,musique,cmn-b7fb4495.mp3," musique, de musique, music, musical, de la musique"
有名,yǒumíng,gloire,cmn-b8190d50.mp3," gloire, célébrité, la renommée, Fame, la renommée des"
五,wǔ,5,cmn-b8e2b001.mp3," 5, cinq, de 5"
游泳,yóuyǒng,natation,cmn-b941cfc3.mp3," natation, baignade, nager, bain, nage"
号,hào,nombre,cmn-b97669f2.mp3," nombre, numéro, certain nombre, chiffre, Number"
胜利,shènglì,victoire,cmn-b97cb756.mp3," victoire, triomphe, de la Victoire"
常,cháng,souvent,cmn-b9ced457.mp3," souvent, Bien souvent, fréquemment, souvent des"
衣服,yīfu,vêtements,cmn-badeae18.mp3," vêtements, Clothes, habillement, habits"
忙,máng,occupé,cmn-bae652ce.mp3," occupé, animé, occupation, actif, Busy"
宿舍,sùshè,dortoir,cmn-baef386f.mp3," dortoir, Dortoir de, le dortoir, Dormitory"
帮助,bāngzhù,aider,cmn-bb077fb7.mp3," aider, aider à, Aidez, aide, aider les"
脱,tuō,décoller,cmn-bb39865f.mp3," décoller, enlever, Enlever tous, Décollage, Décollez"
需要,xūyào,besoin,cmn-bc35be02.mp3," besoin, avez besoin d', Besoin d', avoir besoin, Besoin de"
近,jìn,près de,cmn-bce549af.mp3," près de, près, auprès, proche, à"
洗,xǐ,laver,cmn-bcec185b.mp3," laver, Lavez, lavage, de lavage, Lavage de"
说,shuō,dire,cmn-bd238fb9.mp3," dire, Dis, Dites, Disons"
口语,kǒuyǔ,langue parlée,cmn-bd2a4451.mp3," langue parlée, amitie Langues parlées, la langue parlée le, langage parlé, amitie"
工业,gōngyè,industrie,cmn-bd343037.mp3," industrie, Industrie du, industries, de l'industrie, industrie de"
课文,kèwén,texte,cmn-bda79eaf.mp3," texte, du texte, Les textes, Text, de texte"
右,yòu,droit,cmn-be1badeb.mp3," droit, droite, bon, bien, directement"
新,xīn,nouveau,cmn-be54eb10.mp3," nouveau, la Nouvelle, neuf, New, de New"
安排,ānpái,arrangement,cmn-be63186b.mp3," arrangement, Arrangement de, arrangements avec, disposition, arrangement en"
关系,guānxi,relations,cmn-be7ca45e.mp3," relations, la relation, rapports, relation, des relations"
重,zhòng,poids,cmn-beb9c32c.mp3," poids, du poids, le poids, masse, de poids"
紧张,jǐnzhāng,tension,cmn-bef755e6.mp3," tension, la tension, tendre, de tension, les tensions"
六,liù,six,cmn-befb7802.mp3," six, de six, des Six, à six"
公里,gōnglǐ,kilomètre,cmn-bf0f9865.mp3," kilomètre, au kilomètre, kilomètre autour, Kilometer, kilomètre de"
苦,kǔ,amer,cmn-bf721f57.mp3," amer, acerbe, amère, acharné, Bitter"
门,mén,porte,cmn-bf7f053a.mp3," porte, de portes, entrée, la porte, de porte"
世界,shìjiè,monde,cmn-c01e72eb.mp3," monde, du Monde, mondial, globe, mondiale"
机器,jīqì,machinerie,cmn-c0413511.mp3," machinerie, Machinery, de machines, de la machinerie, la machinerie"
方便,fāngbiàn,pratique,cmn-c090dfcb.mp3," pratique, commode, Convenient, confortable, facile"
系,xì,département,cmn-c0b78848.mp3," département, Ministère, ministère de, Department, Département de"
排球,páiqiú,volley-ball,cmn-c11de045.mp3," volley-ball, Volley ball, de volleyball, volley"
节日,jiérì,vacances,cmn-c2000967.mp3," vacances, de vacances, Holiday, Location, congé"
手,shǒu,main,cmn-c2050caa.mp3," main, côté, la Main, aiguille, des mains"
远,yuǎn,loin,cmn-c2543512.mp3," loin, d'Extrême, Far, beaucoup"
原谅,yuánliàng,pardonner,cmn-c2588c9c.mp3," pardonner, Pardonne, excuser"
脸,liǎn,visage,cmn-c2e53efb.mp3," visage, face, des visages, figure, de visage"
洗澡,xǐzǎo,baigner,cmn-c2f792af.mp3," baigner, Bathe, Baignade, Baignez"
早,zǎo,tôt,cmn-c3247291.mp3," tôt, de bonne heure, Early, premier, Au début"
回来,huílái,revenir,cmn-c33ea426.mp3," revenir, de revenir, Come back"
表示,biǎoshì,spectacle,cmn-c33f5ada.mp3," spectacle, show, salon, Montrer, exposition"
那些,nàxiē,ceux,cmn-c36dca72.mp3," ceux, celles, Ce, Ceux qui, Les"
左,zuǒ,gauche,cmn-c459f5fb.mp3," gauche, A gauche, la gauche, De gauche, laissé"
师傅,shīfu,maître,cmn-c45f69be.mp3," maître, capitaine, Maître de, directeur, Maîtrise"
东西,dōngxi,chose,cmn-c4698257.mp3," chose, chose que, choses, affaire, chose la"
所有,suǒyǒu,tous,cmn-c48f6f64.mp3," tous, tout, toutes, toute, All"
还,huàn,aussi,cmn-c539f10b.mp3," aussi, également, Egalement, De même, En outre"
肉,ròu,viande,cmn-c5619947.mp3," viande, de viande, La viande, Meat, de la viande"
错,cuò,faux,cmn-c58c56c3.mp3," faux, mal, tort, erroné, incorrect"
样子,yàngzi,apparence,cmn-c5d2f322.mp3," apparence, aspect, comparution, allure, Apparition"
地方,dìfang,lieu,cmn-c60625bf.mp3," lieu, place, endroit, la Place, Placer"
咖啡,kāfēi,café,cmn-c6681ef0.mp3," café, de café, du café, Cafetière, Coffee"
不要,búyào,ne pas,cmn-c680fcc5.mp3," ne pas, Ne, ne le font pas, Do not, ne faites pas"
参观,cānguān,visite,cmn-c6ac3b5b.mp3," visite, Visiter, séjour, Consultez, Visit"
挂,guà,pendre,cmn-c6ae404b.mp3," pendre, accrocher, suspendre, Accrochez, Passer du"
卖,mài,vendre,cmn-c7291b2e.mp3," vendre, revendre, Vendez, A vendre, se vendre"
让,ràng,faire,cmn-c73ed221.mp3," faire, créer, effectuer, Assurez"
请假,qǐngjià,Demander un congé,cmn-c76aebea.mp3," un congé, congé, la permission, congés de, congé de"
往,wǎng,à,cmn-c796cb4f.mp3," à, pour, en, avec, jusqu'à"
谢谢,xièxie,merci,cmn-c79c0cb2.mp3," merci, Nous vous remercions, vous remercie, je vous remercie, Merci de"
呐,na,Na,cmn-c83de346.mp3," Na, nd, so, de na"
云,yún,nuage,cmn-c888448e.mp3," nuage, cloud, le cloud, Couverture"
秋,qiū,automne,cmn-c8c06fb1.mp3," automne, Autumn, d'automne"
上去,shàngqù,en haut,cmn-c8de2037.mp3," en haut, en place, jusqu'à, place, Haut"
很,hěn,très,cmn-c94d437d.mp3," très, de très, même, tout, bien"
结果,jiéguǒ,résultat,cmn-c975293f.mp3," résultat, Résultat d', de résultats, conséquence, Resultat"
喜欢,xǐhuan,comme,cmn-c99e3a0d.mp3," comme, l'instar, Like, analogue, instar"
小,xiǎo,petit,cmn-c9aafb50.mp3," petit, faible, léger, modeste, de petite"
里,lǐ,dans,cmn-c9bef3ba.mp3," dans, en, Dans le, Au, chez"
批评,pīpíng,critique,cmn-c9e8ecc8.mp3," critique, la Critique, Les critiques, Criticism, critiques"
片,piàn,feuille,cmn-ca712ab6.mp3," feuille, Fiche de, Partition de, drap, Fiche"
差,chà,différence,cmn-ca827dc9.mp3," différence, divergence, Ecart, Difference, différences"
联系,liánxì,contact,cmn-ca8786c7.mp3," contact, contacter, contacter avec l', contacter avec le, contacter avec"
日,rì,jour,cmn-ca923eba.mp3," jour, Day, Jour de, Fête, journée"
怎么样,zěnmeyàng,Comment genre 怎么 Comment, façon dont, la façon, Combien, comment les 样 genre, type, espèce, gentil, aimable,cmn-cab5634b.mp3,"Comment genre 怎么 Comment, façon dont, la façon, Combien, comment les 样 genre, type, espèce, gentil, aimable"
明年,míngnián,L'année prochaine,cmn-cb0d84ca.mp3," L'année prochaine, L'an prochain"
对,duì,à,cmn-cb4a6057.mp3," à, pour, en, avec, jusqu'à"
最近,zuìjìn,récemment,cmn-cbd4b5ab.mp3," récemment, Les derniers, dernièrement, Recently"
飞,fēi,voler,cmn-cbef6354.mp3," voler, la mouche, mouche, Envolez"
各,gè,chaque,cmn-cbfc067a.mp3," chaque, chacun, de chaque, chacune, Les"
代表,dàibiǎo,Au nom de,cmn-cc3e50b3.mp3," Au nom de, Au nom des, Au nom"
月亮,yuèliang,Lune,cmn-cc6bbd58.mp3," Lune, la Lune, de lune, lunaire"
认识,rènshi,entente,cmn-cc7e90c2.mp3," entente, accord, entendement, intelligence, arrangement"
北边,běibiān,Nord,cmn-ccc0a61a.mp3," Nord, au nord, du Nord, North"
外语,wàiyǔ,langue étrangère,cmn-ccce52d7.mp3," langue étrangère, en langue étrangère, des langues étrangères, en langues étrangères"
鞋,xié,chaussure,cmn-ccdacf01.mp3," chaussure, Chaussure de, cireur, de chaussures, chaussures"
忘,wàng,oublier,cmn-cde16258.mp3," oublier, l'oublier, oublierai, oublie, Oubliez"
这些,zhèxiē,ces,cmn-ce167d25.mp3," ces, celles, ceux"
辛苦,xīnkǔ,dur,cmn-ce502ed9.mp3," dur, dure, difficile, de DISQUES, Disque"
全,quán,tous,cmn-ce918c8d.mp3," tous, tout, toutes, toute, All"
学生,xuésheng,étudiant,cmn-cecc3182.mp3," étudiant, d'étudiant, Etudiant, Student, aux étudiants"
张,zhāng,Zhang,cmn-cece8905.mp3," Zhang, de Zhang, Zhang a"
什么,shénme,Quoi,cmn-ced61196.mp3," Quoi, que, Qu'est"
急,jí,urgent,cmn-cf11ba2c.mp3," urgent, de toute urgence, pressant, urgence, d'urgence"
江,jiāng,rivière,cmn-cf40642c.mp3," rivière, du fleuve, fluvial, la rivière, de la rivière"
老师,lǎoshī,professeur,cmn-cf806469.mp3," professeur, Enseignant, l'enseignant, maître, des enseignants"
从_到_,cóng_dào_,De _ à _ 从 De, Depuis, A partir de, A partir, Dans _ _ 到 à, au, d', de, afin de _ _,cmn-cfa5dbf5.mp3,"De _ à _ 从 De, Depuis, A partir de, A partir, Dans _ _ 到 à, au, d', de, afin de _ _"
西,xī,occidental,cmn-d01ebebb.mp3," occidental, western, occidentale, de l'Ouest, l'ouest"
黑板,hēibǎn,tableau noir,cmn-d03ca275.mp3," tableau noir, tableau, Ardoise, de Blackboard"
杯,bēi,tasse,cmn-d0a83f2e.mp3," tasse, Coupe, Cup, de la Coupe, calice"
出去,chūqù,dehors,cmn-d0d82464.mp3," dehors, En rupture, Hors, arrière, en dehors"
农村,nóngcūn,campagne,cmn-d0f3cb2b.mp3," campagne, Campagne Description, campagnes, campagne de"
打,dǎ,lutte,cmn-d16994fc.mp3," lutte, combat, bataille, combattre, bagarre"
女,nǚ,femelle,cmn-d17061c3.mp3," femelle, féminin, Femme, Fille, Female"
拿,ná,prendre,cmn-d1879a9d.mp3," prendre, emporter, Prenez, faire, Prenez le"
饿,è,avide,cmn-d1dcd48c.mp3," avide, Avoir faim, affamée, affamé, affamés"
自己,zìjǐ,propre,cmn-d20e0481.mp3," propre, boutique ou, le propriétaire de, Own, boutique"
昨天,zuótiān,hier,cmn-d23e74ed.mp3," hier, Aujourd'hui, d'hier"
公斤,gōngjīn,kilogramme,cmn-d23f54b2.mp3," kilogramme, kilogramme de, kilo, kg, Kilogram"
运动,yùndòng,mouvement,cmn-d24a0f7d.mp3," mouvement, motion, la motion, marche, de mouvement"
啤酒,píjiǔ,bière,cmn-d26278e9.mp3," bière, de bière, de la bière, beer, bières"
确实,quèshí,vraiment,cmn-d26a6fe6.mp3," vraiment, en réalité, réellement, très, bien"
年轻,niánqīng,jeune,cmn-d2a5a3d3.mp3," jeune, jeune homme, Jeunes, du Jeune"
大,dà,grand,cmn-d2b184ff.mp3," grand, génial, immense, fort, Great"
实践,shíjiàn,pratique,cmn-d2bd6296.mp3," pratique, entraînement, habitude, la pratique, cabinet"
半,bàn,moitié,cmn-d3284761.mp3," moitié, demi, La moitié"
集合,jíhé,ensemble,cmn-d366874c.mp3," ensemble, set, fixer, fixé, Définir"
可能,kěnéng,possible,cmn-d37a8023.mp3," possible, peut, du possible, Possibilité"
原来,yuánlái,initialement,cmn-d382dbb1.mp3," initialement, originairement, A l'origine, l'origine"
热情,rèqíng,enthousiasme,cmn-d3d79136.mp3," enthousiasme, et son nombril, ferveur, dynamisme, Enthusiasm"
文学,wénxué,littérature,cmn-d422d33c.mp3," littérature, documentation, Literature, de littérature, la Littérature"
鸡,jī,poulet,cmn-d4bf85f3.mp3," poulet, chicken, du poulet, le poulet, au poulet"
回,huí,temps,cmn-d56a26cb.mp3," temps, fois, Le temps, moment, Durée"
呀,yā,ouais,cmn-d58af322.mp3," ouais, oui"
没关系,méiguānxi,Never mind,cmn-d594e032.mp3," Never mind, Ne importe, ne tienne, cela ne tienne"
中,zhōng,dans,cmn-d5d15a8b.mp3," dans, en, Dans le, Au, chez"
留,liú,séjour,cmn-d6094a88.mp3," séjour, rester, Restez, continuer, demeurer"
你,nǐ,vous,cmn-d617d273.mp3," vous, te, toi"
笑,xiào,Rires,cmn-d6564f00.mp3," Rires, Laughs, Rire, des rires, rit"
风,fēng,vent,cmn-d6587330.mp3," vent, du vent, souffle, de vent, le vent"
河,hé,rivière,cmn-d6b55b0c.mp3," rivière, du fleuve, fluvial, la rivière, de la rivière"
该,gāi,que,cmn-d793af4b.mp3," que, qui, celui, cela, cet"
教,jiāo,enseigner,cmn-d7cb20bf.mp3," enseigner, Enseignez, apprendre"
姓,xìng,nom de famille,cmn-d8282389.mp3," nom de famille, de Famille, Noms de famille, Nom, Patronyme"
多么,duōme,comment,cmn-d89e759b.mp3," comment, la façon, la façon dont, Combien, façon dont"
改变,gǎibiàn,changement,cmn-d8c55445.mp3," changement, Changer de, modification, Change, Changer"
乱,luàn,désordonné,cmn-d8cb3785.mp3," désordonné, de désordre, désordonnée, Disorderly, désordonnés"
西边,xībiān,L' ouest,cmn-d9097f60.mp3," ouest, de l'Ouest, Occident, l'Ouest"
黑,hēi,noir,cmn-d94be69c.mp3," noir, couleur noire, Image en noir, le noir, black"
除了_以外,chúle_yǐwài,En plus de l'extérieur _ 除了 En, Au, Dans le, Dans les, A 除了 以外 plus de l'extérieur _ _,cmn-d979e41e.mp3,"En plus de l'extérieur _ 除了 En, Au, Dans le, Dans les, A 除了 以外 plus de l'extérieur _ _"
段,duàn,section,cmn-d9a1a364.mp3," section, coupe, la section, paragraphe, article"
人民,rénmín,personnes,cmn-da0de704.mp3," personnes, gens, Les gens, Les personnes, citoyens"
酸,suān,acide,cmn-da3c658d.mp3," acide, acides, Acid, d'acide"
高兴,gāoxìng,heureux,cmn-da5b85f5.mp3," heureux, heureux de, content, Bonne, heureuse"
留学生,liúxuéshēng,Etudiants,cmn-da60e1d7.mp3," Etudiants, Les étudiants, Étudiants, Les élèves, des étudiants"
只,zhǐ,seulement,cmn-da70052b.mp3," seulement, uniquement, seul, Seuls, Only"
为了,wèile,à,cmn-da750d47.mp3," à, pour, en, avec, jusqu'à"
银行,yínháng,Banque,cmn-dad564d4.mp3," Banque, banc, Banque de, Bank, berge"
等,děng,attendez,cmn-dc21e617.mp3," attendez, Attendez que, Attends, attente, attendre"
起来,qǐlái,en haut,cmn-dc6bc629.mp3," en haut, en place, jusqu'à, place, Haut"
影响,yǐngxiǎng,affecter,cmn-dc9efac7.mp3," affecter, elles affecter, Affect"
给,gěi,à,cmn-dd0e43a4.mp3," à, pour, en, avec, jusqu'à"
一切,yíqiè,tout,cmn-de561b52.mp3," tout, Everything, Tout ce, tous, tout ce dont"
牛,niú,vache,cmn-de7076f9.mp3," vache, de vache, cow, la vache"
可以,kěyǐ,bidon,cmn-de935dea.mp3," bidon, pouvoir, boîte, peut"
声音,shēngyīn,son,cmn-df3c1f82.mp3," son, entendre, résonner, sain, bruit"
桌子,zhuōzi,Tables,cmn-df98a532.mp3," Tables, Tableaux, les Tableaux, des tables, Les tables"
百,bǎi,cent,cmn-dfb6b0ef.mp3," cent, centaine de, centaines de, centaine"
经过,jīngguò,par,cmn-dfde301d.mp3," par, à travers, Grâce, au travers, Grâce à"
周,zhōu,semaine,cmn-e03f5bd8.mp3," semaine, la semaine, Semaine de, la Semaine de, Semaine de la"
将来,jiānglái,avenir,cmn-e082c543.mp3," avenir, futur, future, avenir de"
房间,fángjiān,chambre,cmn-e1677cc4.mp3," chambre, salle, pièce, en chambre, place"
机会,jīhuì,occasion,cmn-e1a7de41.mp3," occasion, Opportunity, chances, chance, des chances"
词,cí,mot,cmn-e22607b1.mp3," mot, de mots, mot de, la Parole, mots"
别,bié,ne pas,cmn-e236a37a.mp3," ne pas, Ne, ne le font pas, Do not, ne faites pas"
晚,wǎn,nuit,cmn-e2773e09.mp3," nuit, la nuit, de nuit, nocturne"
冬,dōng,hiver,cmn-e2d11b57.mp3," hiver, hiver de, hivernal, d'hiver"
名字,míngzi,nom,cmn-e395b46c.mp3," nom, le nom, Nom de, Name, Nom de la"
有意思,yǒuyìsi,intéressant,cmn-e3977150.mp3," intéressant, intéressant de, Interessant, est intéressant, Interesting"
小时,xiǎoshí,heure,cmn-e3db239d.mp3," heure, heures, heures sur, h, Heure de"
语法,yǔfǎ,grammaire,cmn-e441c771.mp3," grammaire, Grammar, grammaticale, de grammaire, Grammaires"
首都,shǒudū,capital,cmn-e488d031.mp3," capital, capitale, de capital, de la capitale, Capitaux"
月球,yuèqiú,Lune,cmn-e499935c.mp3," Lune, la Lune, de lune, lunaire"
下午,xiàwǔ,après-midi,cmn-e49f7587.mp3," après-midi, après midi"
换,huàn,changement,cmn-e4db51c2.mp3," changement, Changer de, modification, Change, Changer"
清楚,qīngchu,clair,cmn-e52ac204.mp3," clair, claire, certain, Ciel dégagé, Effacer"
健康,jiànkāng,santé,cmn-e57e29d1.mp3," santé, de santé, Health, la santé, de la Santé"
进去,jìnqù,aller,cmn-e5990ca6.mp3," aller, Allez, Go, Accédez, aller à"
教室,jiàoshì,salle de classe,cmn-e667bbaf.mp3," salle de classe, classe, de classe, classe virtuelle, en classe"
夏,xià,été,cmn-e7042c05.mp3," été, d'été, L'été, Summer"
取得,qǔdé,obtenir,cmn-e7d22533.mp3," obtenir, Obtenir des, procurer, Procurez, Obtenir l'"
比赛,bǐsài,compétition,cmn-e814b6a1.mp3," compétition, concurrence, de la concurrence, Competition, concours"
一块儿,yíkuàir,ensemble,cmn-e846b23d.mp3," ensemble, ainsi que, conjointement, En collaboration, ainsi"
青年,qīngnián,jeunesse,cmn-e8745148.mp3," jeunesse, jeunes, jeune, de la Jeunesse, jeune homme"
照相,zhàoxiàng,photo,cmn-e89b3a8d.mp3," photo, Photos, de photos, de Photo, la photo"
活动,huódòng,activité,cmn-e8a37723.mp3," activité, Actualités, d'activité, Activity, Activités"
遍,biàn,partout,cmn-e8e364aa.mp3," partout, Partout dans, Dans toute, Dans tout, Dans toute l'"
点,diǎn,point,cmn-e8e4eed6.mp3," point, Point d', Le point, endroit, moment"
坏,huài,mauvais,cmn-e980a1bf.mp3," mauvais, Bof, illicite, mal, Bad"
凉快,liángkuai,Rafraîchissez,cmn-e9ac64fd.mp3," Rafraîchissez, rafraichir, rafraîchir"
下来,xiàlái,vers le bas,cmn-e9c485fa.mp3," vers le bas, bas, descendre, décroissant, baisse"
零,líng,zéro,cmn-e9c57755.mp3," zéro, du zéro, nulle, zero, de zéro"
怕,pà,peur,cmn-e9c88a80.mp3," peur, crainte, Fear, La crainte, craindre"
三,sān,trois,cmn-e9d2be5a.mp3," trois, Cadrage aux, en trois, Three, Cadrage"
广播,guǎngbō,radiodiffusion,cmn-e9f284e4.mp3," radiodiffusion, diffusion, de Diffusionà, Diffusionà, Broadcasting"
九,jiǔ,neuf,cmn-ea135b66.mp3," neuf, neuf heures, Nine, de neuf, neuf ans"
汉语,hànyǔ,chinois,cmn-ea207f42.mp3," chinois, chinoise, chinese, Chine, chinese en"
声调,shēngdiào,ton,cmn-ea3b7d74.mp3," ton, son, timbre, la tonalité, sonorité"
提高,tígāo,augmenter,cmn-ea3d0aa0.mp3," augmenter, accroître, augmentation, accroissement, Accroître la"
高,gāo,haut,cmn-ea554c69.mp3," haut, élevé, de haute, grand"
翻译,fānyì,traduction,cmn-eb015e2b.mp3," traduction, de traduction, la traduction, de la traduction, Français"
热,rè,chaleur,cmn-eb250bea.mp3," chaleur, Chauffer, feu, Heat, de chaleur"
女儿,nǚér,fille,cmn-eb533b19.mp3," fille, Daughter, filiales, fille de"
遇到,yùdào,expérience,cmn-eb934fcd.mp3," expérience, expérience de, d'expérience, Experience"
面包,miànbāo,pain,cmn-ebb06b65.mp3," pain, de pain, le pain, Bread, du pain"
课本,kèběn,manuel,cmn-ebf48f65.mp3," manuel, des manuels, manuel scolaire, des manuels scolaires, manuels"
寒假,hánjià,vacances d'hiver,cmn-ec18a738.mp3," vacances d'hiver, Winter vacation"
从_起,cóng_qǐ,A partir de _ 从 起 A partir de, À partir de, Commence à, Partir, A partir _ _,cmn-ec705201.mp3,"A partir de _ 从 起 A partir de, À partir de, Commence à, Partir, A partir _ _"
小姐,xiǎojie,mademoiselle,cmn-ecd62eca.mp3," mademoiselle, manquer, Melle, de Miss, manque"
茶,chá,thé,cmn-ed8499f4.mp3," thé, de thé, Le thé, plateau, Cafetière"
欢迎,huānyíng,bienvenue,cmn-edc6676d.mp3," bienvenue, accueil, accueillir, d'accueil, bienvenu"
尤其,yóuqí,En particulier,,cmn-ee5ac528.mp3," ,"
任何,rènhé,tout,cmn-ee96c7eb.mp3," tout, n'importe quel, Pas de préférence, quelconque, de préférence"
真,zhēn,vraiment,cmn-eea854f4.mp3," vraiment, en réalité, réellement, très, bien"
挺,tǐng,très,cmn-eeacf8d5.mp3," très, de très, même, tout, bien"
不,bù,pas,cmn-eebf7a43.mp3," pas, ne est pas, Non, Not, ne"
物理,wùlǐ,physique,cmn-ef2164df.mp3," physique, physiques, Physical"
得到,dédào,obtenir,cmn-ef39f77e.mp3," obtenir, avoir, faire, arriver, devenir"
认为,rènwéi,Je pense que,cmn-ef8891b7.mp3," Je pense que, Je pense, Je crois que, Je crois, mon avis"
你们,nǐmen,vous,cmn-ef91cd5b.mp3," vous, te, toi"
反对,fǎnduì,opposition,cmn-efc5db72.mp3," opposition, adversaire, de l'opposition, l'opposition"
病,bìng,maladie,cmn-f03e7445.mp3," maladie, des maladies, la maladie, la maladie de, de la maladie"
体育,tǐyù,sportif,cmn-f09ed3a9.mp3," sportif, de sport, sport, activités sportives, des Sports"
晚上,wǎnshang,La nuit,cmn-f0ae2b6f.mp3," La nuit, Dans la nuit, De nuit, le soir"
农民,nóngmín,agriculteur,cmn-f0d991c4.mp3," agriculteur, fermier, cultivateur, exploitant, du Paysan"
使用,shǐyòng,utilisation,cmn-f0dcc8bf.mp3," utilisation, emploi, usage, L'utilisation"
试,shì,test,cmn-f14a9fe7.mp3," test, essai, contrôle, de test, analyse"
次,cì,secondaire,cmn-f14d159b.mp3," secondaire, du secondaire, second, secondaire de"
上边,shàngbiān,Au sommet de,cmn-f14ee4bb.mp3," Au sommet de, En plus, en plus de, en tête de, En plus d'"
南边,nánbiān,Sud,cmn-f1a08faa.mp3," Sud, du sud, South, au sud, Nord"
袜子,wàzi,Chaussettes,cmn-f22be90d.mp3," Chaussettes, Socks, Chaussettes de, Bas, Chausettes"
几,jǐ,Quelques,cmn-f27c663d.mp3," Quelques, Certains, Quelques unes"
必须,bìxū,il faut,cmn-f2c7fedd.mp3," il faut, doit, Faut"
猪,zhū,porc,cmn-f2d98286.mp3," porc, cochon, de porc, porcin, pig"
还是,háishì,ou,cmn-f3287cbb.mp3," ou, ni, Ou bien, Or, ou d'"
没意思,méiyìsi,ennuyeux,cmn-f33976cf.mp3," ennuyeux, Aléseuse, d'alésage, de perçage, Alésage"
一边_一边,yìbiān_4biān_,Tandis que le côté _ 一边 一边 Tandis que le côté, Alors que le côté, Tandis que la face, Alors que la partie, Tandis que la partie _ _,cmn-f3d16efc.mp3,"Tandis que le côté _ 一边 一边 Tandis que le côté, Alors que le côté, Tandis que la face, Alors que la partie, Tandis que la partie _ _"
看,kàn,regardez,cmn-f4728089.mp3," regardez, aspect, paraître, Recherchez, air"
满,mǎn,complet,cmn-f4ce910d.mp3," complet, plein, entier, la pleine, Cadrage en"
大概,dàgài,probablement,cmn-f4d46609.mp3," probablement, est probable, probable, doute"
开,kāi,ouvert,cmn-f5a0a9cd.mp3," ouvert, Ouvrez, Ouvrir, libre, ouverte"
展览,zhǎnlǎn,exposition,cmn-f5a6bb84.mp3," exposition, expositions, des Expositions, d'exposition, Exhibition"
改,gǎi,changement,cmn-f5be3136.mp3," changement, Changer de, modification, Change, changer"
以后,yǐhòu,plus tard,cmn-f5dd1e73.mp3," plus tard, la suite, ensuite, par la suite"
活儿,huór,emploi,cmn-f5f3df6a.mp3," emploi, travail, mission, métier, boulot"
先,xiān,première,cmn-f5ffac45.mp3," première, premier, d'abord, First, abord"
科学,kēxué,science,cmn-f64d99ec.mp3," science, des sciences, la Science, Sciences"
眼睛,yǎnjing,œil,cmn-f64ec914.mp3," œil, Eye, oculaire, Oeil, des yeux"
新闻,xīnwén,nouvelles,cmn-f66b58e0.mp3," nouvelles"
电影,diànyǐng,film,cmn-f68df445.mp3," film, de film, du film, cinéma, de films"
半天,bàntiān,long temps,cmn-f6917904.mp3," long temps, Long time, Longtemps, dure longtemps et, de longue date"
电视,diànshì,TV,cmn-f6c538c2.mp3," TV, téléviseur, télévision, la télévision, télé"
劳驾,láojià,excusez-moi,cmn-f6f510d1.mp3," excusez-moi, Je me excuse, Pardon"
离,lí,à partir de,cmn-f7026e5c.mp3," à partir de, de, depuis, A partir, A partir de"
和,hé,et,cmn-f711ecca.mp3," et, et de, et l', And, et d'"
一_就_,yī_jiù_,Sur un _ _ 一 就 Sur un, Sur une, Sur la, D'une, Sur le _ _ _ _,cmn-f7242571.mp3,"Sur un _ _ 一 就 Sur un, Sur une, Sur la, D'une, Sur le _ _ _ _"
早晨,zǎochen,matin,cmn-f77b4228.mp3," matin, le matin, les matins, matinal"
中间,zhōngjiān,intermédiaire,cmn-f79efa5d.mp3," intermédiaire, intermédiaire de, intermédiaires, Intermediate"
以前,yǐqián,précédent,cmn-f7d4e6d1.mp3," précédent, antérieure, préalable, antérieur, previous"
送,sòng,envoyer,cmn-f84e19c0.mp3," envoyer, Envoyer un, Envoyez, adresser, envoyer des"
节目,jiémù,spectacle,cmn-f8a5f5d4.mp3," spectacle, show, salon, montrer, exposition"
不但,búdàn,non seulement,cmn-f8c85b98.mp3," non seulement, Non seulement les, Pas seulement, non seulement de"
倍,bèi,temps,cmn-f8e2ac8f.mp3," temps, fois, Le temps, moment, Durée"
唱,chàng,Chantez,cmn-f923075d.mp3," Chantez, sing, chantent, Chante, Chanter"
作,zuò,faire,cmn-f978aef4.mp3," faire, créer, effectuer, Assurez"
久,jiǔ,longue,cmn-f97fc330.mp3," longue, long, longs, de longue, depuis longtemps"
老,lǎo,vieux,cmn-f98c73f7.mp3," vieux, ancien, vieillard, Old, Vieille"
喝,hē,boisson,cmn-f9cd093c.mp3," boisson, Alcool, boissons, boire, Buvez"
马,mǎ,cheval,cmn-f9d7da5e.mp3," cheval, chevaux, de cheval, cavalerie, cheval de"
赢,yíng,victoire,cmn-f9dac033.mp3," victoire, gagner, Remporter, Remportez, de victoires"
商店,shāngdiàn,boutique,cmn-f9f7388b.mp3," boutique, magasin, de la boutique, Achetez, atelier"
够,gòu,assez,cmn-fab33c61.mp3," assez, Ça suffit, suffisamment, Assez de, Enough"
句子,jùzi,phrase,cmn-fac7a64d.mp3," phrase, peine, jugement, condamnation, la peine"
块,kuài,bloc,cmn-faec39e9.mp3," bloc, bloquer, Bloquer l', Bloquer l"
开始,kāishǐ,commencer,cmn-fb201a71.mp3," commencer, Commencez, Commencez à, Begin, Commencer à"
年纪,niánjì,jeune,cmn-fc0852db.mp3," jeune, jeune homme, jeunes, du Jeune"
都,dōu,tous,cmn-fc0c3684.mp3," tous, tout, toutes, toute, All"
搬,bān,déménagement,cmn-fc0f10d9.mp3," déménagement, mouvement, déplacement, déplacer, bouger"
天气,tiānqì,temps,cmn-fc4711bc.mp3," temps, Est Météo, la météo, météo, conditions météorologiques"
米,mǐ,mètre,cmn-fc5a62f8.mp3," mètre, compteur, mesure, compteurs, mesureur"
跑步,pǎobù,jogging,cmn-fcb45358.mp3," jogging, de jogging, faire du jogging, footing, de course"
例如,lìrú,Par exemple,cmn-fd7a9450.mp3," Par exemple, ex, Par ex"
整齐,zhěngqí,soigné,cmn-fd7e800f.mp3," soigné, propre, pur, Neat, ordonnée"
雪,xuě,neige,cmn-fdc42b1a.mp3," neige, de neige, enneigement, la neige, de la neige"
电,diàn,électricité,cmn-fdca172a.mp3," électricité, d'électricité, Electricity, Electricité"
能,néng,bidon,cmn-fdce5cb3.mp3," bidon, pouvoir, boîte, peut"
听见,tīngjiàn,entendre,cmn-fdf8b2bf.mp3," entendre, Entends, Ecoutez, apprendre, Entendez"
难,nán,difficile,cmn-fe05ce26.mp3," difficile, difficilement, difficiles, difficile de"
听,tīng,écouter,cmn-fe49ae80.mp3," écouter, Ecoute, Ecoutez, d'écouter, Ecouter"
派,pài,tarte,cmn-fe5e8037.mp3," tarte, Tarte au, Pie, la tarte, pâté en croûte"
数学,shùxué,mathématiques,cmn-fe7e69f4.mp3," mathématiques, des mathématiques, les mathématiques, Mathematics, de mathématiques"
愿意,yuànyì,prêt,cmn-ff2f7e4e.mp3," prêt, disposé, disposés, Pas, Je"
过去,guòqù,passé,cmn-ff56e481.mp3," passé, ancien, passée, devant, passées"
画儿,huàr,Vidéos enfants 画 Vidéos, des vidéos, les vidéos, videos, de vidéos 儿 enfants, enfants de, des enfants, d'enfants, enfant,cmn-ff6e23cb.mp3,"Vidéos enfants 画 Vidéos, des vidéos, les vidéos, videos, de vidéos 儿 enfants, enfants de, des enfants, d'enfants, enfant"
刻,kè,gravé,cmn-ff81b31e.mp3," gravé, Gravée, graver, Engraved, Gravure"
话,huà,paroles,cmn-ff9117d5.mp3," paroles, les mots, mots Traduction, des mots, mots"
早饭,zǎofàn,petit déjeuner,cmn-ffbe8865.mp3," petit déjeuner, déjeuner, hôtes, Breakfast, d'hôtes"
