呢,ne,TO TRANSLATE,cmn-00eab2c6.mp3
朝,cháo,TO TRANSLATE,cmn-01645fef.mp3
支,zhī,TO TRANSLATE,cmn-016a8467.mp3
酒,jiǔ,TO TRANSLATE,cmn-0187ac5b.mp3
查,chá,TO TRANSLATE,cmn-024bb4b2.mp3
国家,guójiā,TO TRANSLATE,cmn-032a3e41.mp3
发现,fāxiàn,TO TRANSLATE,cmn-03cd4a7c.mp3
一直,yìzhí,TO TRANSLATE,cmn-03edefb8.mp3
现在,xiànzài,TO TRANSLATE,cmn-03f73677.mp3
冬天,dōngtiān,TO TRANSLATE,cmn-0418b8f7.mp3
也,yě,TO TRANSLATE,cmn-041d3a4a.mp3
自行车,zìxíngchē,TO TRANSLATE,cmn-043246c4.mp3
突然,tūrán,TO TRANSLATE,cmn-04b15123.mp3
碰,pèng,TO TRANSLATE,cmn-04bc72d0.mp3
不久,bùjiǔ,TO TRANSLATE,cmn-05adcf26.mp3
爱人,àiren,TO TRANSLATE,cmn-05ae3ce9.mp3
领导,lǐngdǎo,TO TRANSLATE,cmn-063d8332.mp3
正,zhèng,TO TRANSLATE,cmn-065845f6.mp3
每,měi,TO TRANSLATE,cmn-06b64b97.mp3
座,zuò,TO TRANSLATE,cmn-06f0bb20.mp3
姑娘,gūniang,TO TRANSLATE,cmn-0793d109.mp3
一点儿,yìdiǎnr,TO TRANSLATE,cmn-07d3cb68.mp3
下,xià,TO TRANSLATE,cmn-07dcdf76.mp3
复杂,fùzá,TO TRANSLATE,cmn-07e9c66b.mp3
历史,lìshǐ,TO TRANSLATE,cmn-07f288e9.mp3
双,shuāng,TO TRANSLATE,cmn-087d80d6.mp3
占,zhàn,TO TRANSLATE,cmn-08938eb7.mp3
布,bù,TO TRANSLATE,cmn-08c53d73.mp3
就,jiù,TO TRANSLATE,cmn-08cbe6fb.mp3
会,huì,TO TRANSLATE,cmn-09003a80.mp3
七,qī,TO TRANSLATE,cmn-09075744.mp3
母亲,mǔqīn,TO TRANSLATE,cmn-0935d373.mp3
篇,piān,TO TRANSLATE,cmn-09afa992.mp3
锻炼,duànliàn,TO TRANSLATE,cmn-09b360e9.mp3
杯子,bēizi,TO TRANSLATE,cmn-09cef065.mp3
研究,yánjiū,TO TRANSLATE,cmn-09ecb4c0.mp3
好吃,hǎochī,TO TRANSLATE,cmn-0a4de7f8.mp3
生活,shēnghuó,TO TRANSLATE,cmn-0a535711.mp3
走,zǒu,TO TRANSLATE,cmn-0a63b17b.mp3
低,dī,TO TRANSLATE,cmn-0ac1dfbc.mp3
再见,zàijiàn,TO TRANSLATE,cmn-0ad618c6.mp3
没有,méiyǒu,TO TRANSLATE,cmn-0af02ea8.mp3
同学,tóngxué,TO TRANSLATE,cmn-0af7d333.mp3
孩子,háizi,TO TRANSLATE,cmn-0b106591.mp3
借,jiè,TO TRANSLATE,cmn-0b5bddc7.mp3
行,xíng,TO TRANSLATE,cmn-0ba21aa9.mp3
空气,kōngqì,TO TRANSLATE,cmn-0bb38c77.mp3
考试,kǎoshì,TO TRANSLATE,cmn-0bd4d7fe.mp3
正在,zhèngzài,TO TRANSLATE,cmn-0c664877.mp3
感冒,gǎnmào,TO TRANSLATE,cmn-0c6b6172.mp3
更,gèng,TO TRANSLATE,cmn-0c975144.mp3
算,suàn,TO TRANSLATE,cmn-0d0388b7.mp3
短,duǎn,TO TRANSLATE,cmn-0d5256b7.mp3
夏天,xiàtiān,TO TRANSLATE,cmn-0d9ec443.mp3
饺子,jiǎozi,TO TRANSLATE,cmn-0e0e165a.mp3
祝,zhù,TO TRANSLATE,cmn-0e22b862.mp3
英语,yīngyǔ,TO TRANSLATE,cmn-0e246e5b.mp3
同意,tóngyì,TO TRANSLATE,cmn-0e456aed.mp3
万,wàn,TO TRANSLATE,cmn-0e6a935d.mp3
长,zhǎng,TO TRANSLATE,cmn-0e9ae27f.mp3
继续,jìxù,TO TRANSLATE,cmn-0ed3fc23.mp3
绿,lǜ,TO TRANSLATE,cmn-0f03c659.mp3
又,yòu,TO TRANSLATE,cmn-0f1044cf.mp3
出,chū,TO TRANSLATE,cmn-0f1e9f47.mp3
消息,xiāoxi,TO TRANSLATE,cmn-0f2b813d.mp3
想,xiǎng,TO TRANSLATE,cmn-10e85cbe.mp3
文学家,wénxuéjiā,TO TRANSLATE,cmn-10ea879f.mp3
山,shān,TO TRANSLATE,cmn-11d0d7ba.mp3
祖国,zǔguó,TO TRANSLATE,cmn-1223aaac.mp3
变成,biànchéng,TO TRANSLATE,cmn-1233e88f.mp3
出发,chūfā,TO TRANSLATE,cmn-1278dcf3.mp3
然后,ránhòu,TO TRANSLATE,cmn-1294bbfb.mp3
变,biàn,TO TRANSLATE,cmn-12a754ab.mp3
道,dào,TO TRANSLATE,cmn-12ec59c9.mp3
发展,fāzhǎn,TO TRANSLATE,cmn-13936069.mp3
今天,jīntiān,TO TRANSLATE,cmn-13ace787.mp3
主要,zhǔyào,TO TRANSLATE,cmn-13c05bb8.mp3
男,nán,TO TRANSLATE,cmn-13c47606.mp3
雨,yǔ,TO TRANSLATE,cmn-13ca4a36.mp3
留念,liúniàn,TO TRANSLATE,cmn-14526be8.mp3
它,tā,TO TRANSLATE,cmn-145d88a4.mp3
亿,yì,TO TRANSLATE,cmn-145e4941.mp3
挤,jǐ,TO TRANSLATE,cmn-14a3c5b6.mp3
省,shěng,TO TRANSLATE,cmn-14a76997.mp3
剩,shèng,TO TRANSLATE,cmn-1523f317.mp3
颜色,yánsè,TO TRANSLATE,cmn-152709b9.mp3
死,sǐ,TO TRANSLATE,cmn-1534dda0.mp3
提,tí,TO TRANSLATE,cmn-1e3a62c0.mp3
拉,lā,TO TRANSLATE,cmn-1e3d0f04.mp3
春天,chūntiān,TO TRANSLATE,cmn-2054ac30.mp3
基础,jīchǔ,TO TRANSLATE,cmn-20dbfd00.mp3
复习,fùxí,TO TRANSLATE,cmn-20e5b247.mp3
别的,biéde,TO TRANSLATE,cmn-2161ad49.mp3
种,zhǒng,TO TRANSLATE,cmn-21a3ca84.mp3
注意,zhùyì,TO TRANSLATE,cmn-21e075fe.mp3
伟大,wěidà,TO TRANSLATE,cmn-21f3b13d.mp3
有些,yǒuxiē,TO TRANSLATE,cmn-22641e1e.mp3
饭,fàn,TO TRANSLATE,cmn-2265a5c4.mp3
那里,nàli,TO TRANSLATE,cmn-228e9458.mp3
负责,fùzé,TO TRANSLATE,cmn-23367f9c.mp3
见,jiàn,TO TRANSLATE,cmn-2349c192.mp3
教育,jiàoyù,TO TRANSLATE,cmn-235af603.mp3
同志,tóngzhì,TO TRANSLATE,cmn-23dda3da.mp3
请,qǐng,TO TRANSLATE,cmn-242ade03.mp3
旧,jiù,TO TRANSLATE,cmn-249c5f96.mp3
羊,yáng,TO TRANSLATE,cmn-24c7f63f.mp3
上学,shàngxué,TO TRANSLATE,cmn-15713b8f.mp3
方面,fāngmiàn,TO TRANSLATE,cmn-15e75720.mp3
表扬,biǎoyáng,TO TRANSLATE,cmn-1603df53.mp3
方向,fāngxiàng,TO TRANSLATE,cmn-1683b11f.mp3
汉字,hànzì,TO TRANSLATE,cmn-16c25721.mp3
脚,jiǎo,TO TRANSLATE,cmn-17857f1f.mp3
发生,fāshēng,TO TRANSLATE,cmn-18318dfe.mp3
比较,bǐjiào,TO TRANSLATE,cmn-188cf73c.mp3
增加,zēngjiā,TO TRANSLATE,cmn-18a0b091.mp3
家庭,jiātíng,TO TRANSLATE,cmn-1921900f.mp3
拍,pāi,TO TRANSLATE,cmn-1950cb1d.mp3
船,chuán,TO TRANSLATE,cmn-19574161.mp3
知识,zhīshi,TO TRANSLATE,cmn-19d5d444.mp3
画,huà,TO TRANSLATE,cmn-1a723a2d.mp3
鸡蛋,jīdàn,TO TRANSLATE,cmn-1ac75e3d.mp3
态度,tàidu,TO TRANSLATE,cmn-1b6a6a54.mp3
幸福,xìngfú,TO TRANSLATE,cmn-1bad6479.mp3
有,yǒu,TO TRANSLATE,cmn-1bbe8b92.mp3
公园,gōngyuán,TO TRANSLATE,cmn-1c0b2c02.mp3
岁,suì,TO TRANSLATE,cmn-1c24b4d5.mp3
毛,máo,TO TRANSLATE,cmn-1c6c9fea.mp3
大家,dàjiā,TO TRANSLATE,cmn-1fffa6ed.mp3
爱,ài,TO TRANSLATE,cmn-1cd08e6e.mp3
菜,cài,TO TRANSLATE,cmn-1d1203e1.mp3
身体,shēntǐ,TO TRANSLATE,cmn-1d4edc8a.mp3
太阳,tàiyáng,TO TRANSLATE,cmn-1df9e2ae.mp3
声,shēng,TO TRANSLATE,cmn-1e2397ff.mp3
那,nà,TO TRANSLATE,cmn-1f183aa6.mp3
通知,tōngzhī,TO TRANSLATE,cmn-1f5a5d2c.mp3
情况,qíngkuàng,TO TRANSLATE,cmn-24e5bff2.mp3
没,méi,TO TRANSLATE,cmn-250c2a44.mp3
休息,xiūxi,TO TRANSLATE,cmn-25422082.mp3
懂,dǒng,TO TRANSLATE,cmn-255a9980.mp3
字,zì,TO TRANSLATE,cmn-25aa0f1a.mp3
花,huā,TO TRANSLATE,cmn-25baabd1.mp3
容易,róngyì,TO TRANSLATE,cmn-25d7658b.mp3
嘴,zuǐ,TO TRANSLATE,cmn-25fcbcde.mp3
本子,běnzi,TO TRANSLATE,cmn-261b763b.mp3
辆,liàng,TO TRANSLATE,cmn-262dfd29.mp3
条件,tiáojiàn,TO TRANSLATE,cmn-2646dd4b.mp3
我,wǒ,TO TRANSLATE,cmn-267cc491.mp3
工厂,gōngchǎng,TO TRANSLATE,cmn-26865323.mp3
抽,chōu,TO TRANSLATE,cmn-2692caf0.mp3
谁,sheí,TO TRANSLATE,cmn-26ca4504.mp3
一些,yìxiē,TO TRANSLATE,cmn-26e5795b.mp3
利用,lìyòng,TO TRANSLATE,cmn-273324af.mp3
努力,nǔlì,TO TRANSLATE,cmn-27535286.mp3
散步,sànbù,TO TRANSLATE,cmn-279d7e66.mp3
嗯,ng,TO TRANSLATE,cmn-280169fd.mp3
旁边,pángbiān,TO TRANSLATE,cmn-28167a64.mp3
而且,érqiě,TO TRANSLATE,cmn-28298acc.mp3
些,xiē,TO TRANSLATE,cmn-285dad90.mp3
中学,zhōngxué,TO TRANSLATE,cmn-2894ac08.mp3
愉快,yúkuài,TO TRANSLATE,cmn-28986c83.mp3
香,xiāng,TO TRANSLATE,cmn-28fc02b2.mp3
城市,chéngshì,TO TRANSLATE,cmn-29188eac.mp3
前,qián,TO TRANSLATE,cmn-292017c6.mp3
工作,gōngzuò,TO TRANSLATE,cmn-29206147.mp3
大学,dàxué,TO TRANSLATE,cmn-2965e54a.mp3
学院,xuéyuàn,TO TRANSLATE,cmn-29942ed4.mp3
许多,xǔduō,TO TRANSLATE,cmn-299c6e32.mp3
准备,zhǔnbèi,TO TRANSLATE,cmn-2a21d3d2.mp3
语言,yǔyán,TO TRANSLATE,cmn-2a34c50a.mp3
后,hòu,TO TRANSLATE,cmn-2b29ef64.mp3
才,cái,TO TRANSLATE,cmn-2b66a99f.mp3
瓶,píng,TO TRANSLATE,cmn-2b82d057.mp3
慢,màn,TO TRANSLATE,cmn-2c02dbca.mp3
日子,rìzi,TO TRANSLATE,cmn-2cc308a0.mp3
阴,yīn,TO TRANSLATE,cmn-2ce645ba.mp3
读,dú,TO TRANSLATE,cmn-2d9c9228.mp3
一会儿,yíhuìr,TO TRANSLATE,cmn-2dd1bff1.mp3
封,fēng,TO TRANSLATE,cmn-2e12d657.mp3
经常,jīngcháng,TO TRANSLATE,cmn-2e2118b4.mp3
照顾,zhàogù,TO TRANSLATE,cmn-2ecf6ccb.mp3
好处,hǎochu,TO TRANSLATE,cmn-2f0381ac.mp3
所以,suǒyǐ,TO TRANSLATE,cmn-2f16658c.mp3
推,tuī,TO TRANSLATE,cmn-2f23eb1f.mp3
抱,bào,TO TRANSLATE,cmn-2f2486db.mp3
玩儿,wánr,TO TRANSLATE,cmn-2f2e33fc.mp3
只好,zhǐhǎo,TO TRANSLATE,cmn-2fa26066.mp3
这里,zhèli,TO TRANSLATE,cmn-2ff5230f.mp3
来,lái,TO TRANSLATE,cmn-307dd630.mp3
橘子,júzi,TO TRANSLATE,cmn-30932e3b.mp3
同时,tóngshí,TO TRANSLATE,cmn-30afa377.mp3
一下儿,yíxiàr,TO TRANSLATE,cmn-30f429cb.mp3
她,tā,TO TRANSLATE,cmn-31a588dd.mp3
破,pò,TO TRANSLATE,cmn-31e7d44b.mp3
完成,wánchéng,TO TRANSLATE,cmn-31e92ef3.mp3
牛奶,niúnǎi,TO TRANSLATE,cmn-326f7281.mp3
的,de,TO TRANSLATE,cmn-32973a9e.mp3
计划,jìhuà,TO TRANSLATE,cmn-336795bb.mp3
干部,gànbù,TO TRANSLATE,cmn-3377cc9b.mp3
少,shǎo,TO TRANSLATE,cmn-33a5c633.mp3
已经,yǐjing,TO TRANSLATE,cmn-344c5660.mp3
收拾,shōushi,TO TRANSLATE,cmn-3481bab3.mp3
社会,shèhuì,TO TRANSLATE,cmn-34c869f4.mp3
搞,gǎo,TO TRANSLATE,cmn-34d84159.mp3
天,tiān,TO TRANSLATE,cmn-3509a9f8.mp3
说明,shuōmíng,TO TRANSLATE,cmn-3545ebe1.mp3
发烧,fāshāo,TO TRANSLATE,cmn-35b0b1f6.mp3
事,shì,TO TRANSLATE,cmn-35eabdf4.mp3
报,bào,TO TRANSLATE,cmn-35fe52a6.mp3
朋友,péngyou,TO TRANSLATE,cmn-36296e70.mp3
饱,bǎo,TO TRANSLATE,cmn-3664f98b.mp3
姐姐,jiějie,TO TRANSLATE,cmn-366c2291.mp3
车,chē,TO TRANSLATE,cmn-366e8e22.mp3
图书馆,túshūguǎn,TO TRANSLATE,cmn-36bfef2d.mp3
汽水,qìshuǐ,TO TRANSLATE,cmn-36c69be0.mp3
好,hǎo,TO TRANSLATE,cmn-36c84cc4.mp3
睡,shuì,TO TRANSLATE,cmn-36d2781e.mp3
条,tiáo,TO TRANSLATE,cmn-37101229.mp3
灯,dēng,TO TRANSLATE,cmn-371d0844.mp3
友好,yǒuhǎo,TO TRANSLATE,cmn-372ca83d.mp3
政治,zhèngzhì,TO TRANSLATE,cmn-37678c0c.mp3
时候,shíhou,TO TRANSLATE,cmn-3799129a.mp3
门口,ménkǒu,TO TRANSLATE,cmn-379d459e.mp3
表,biǎo,TO TRANSLATE,cmn-37a1fe78.mp3
擦,cā,TO TRANSLATE,cmn-37f7aa04.mp3
有的,yǒude,TO TRANSLATE,cmn-38ae8910.mp3
公共汽车,gōnggòngqìchē,TO TRANSLATE,cmn-38c4d257.mp3
文艺,wényì,TO TRANSLATE,cmn-3913fd86.mp3
关心,guānxīn,TO TRANSLATE,cmn-394f87a2.mp3
不错,búcuò,TO TRANSLATE,cmn-395e5ad5.mp3
简单,jiǎndān,TO TRANSLATE,cmn-39ac8ed3.mp3
不同,bùtóng,TO TRANSLATE,cmn-39f5825e.mp3
要,yào,TO TRANSLATE,cmn-3a52f0d3.mp3
会话,huìhuà,TO TRANSLATE,cmn-3b0dd225.mp3
分钟,fēnzhōng,TO TRANSLATE,cmn-3b1bb444.mp3
参加,cānjiā,TO TRANSLATE,cmn-3b3eb303.mp3
水平,shuǐpíng,TO TRANSLATE,cmn-3b4e6d69.mp3
前边,qiánbiān,TO TRANSLATE,cmn-3b849e91.mp3
哪,na,TO TRANSLATE,cmn-3c075876.mp3
旅行,lǚxíng,TO TRANSLATE,cmn-3c9d278e.mp3
上课,shàngkè,TO TRANSLATE,cmn-3cf35208.mp3
像,xiàng,TO TRANSLATE,cmn-3dc19e60.mp3
内容,nèiróng,TO TRANSLATE,cmn-3e7aa0ad.mp3
痛快,tòngkuai,TO TRANSLATE,cmn-3e94cd60.mp3
舒服,shūfu,TO TRANSLATE,cmn-3e987ca9.mp3
晴,qíng,TO TRANSLATE,cmn-3ea133c6.mp3
摆,bǎi,TO TRANSLATE,cmn-3eafe84e.mp3
手表,shǒubiǎo,TO TRANSLATE,cmn-3f919d8f.mp3
干,gàn,TO TRANSLATE,cmn-40000c08.mp3
出租汽车,chūzūqìchē,TO TRANSLATE,cmn-403f9555.mp3
装,zhuāng,TO TRANSLATE,cmn-4048c08f.mp3
弟弟,dìdi,TO TRANSLATE,cmn-40b6425f.mp3
邮票,yóupiào,TO TRANSLATE,cmn-41cbc37e.mp3
那样,nàyàng,TO TRANSLATE,cmn-421c8824.mp3
家,jiā,TO TRANSLATE,cmn-42ee4c87.mp3
草,cǎo,TO TRANSLATE,cmn-42f98588.mp3
安静,ānjìng,TO TRANSLATE,cmn-4302c74c.mp3
床,chuáng,TO TRANSLATE,cmn-432fe755.mp3
大声,dàshēng,TO TRANSLATE,cmn-43327d95.mp3
楼,lóu,TO TRANSLATE,cmn-4389c20b.mp3
桥,qiáo,TO TRANSLATE,cmn-438eafcf.mp3
带,dài,TO TRANSLATE,cmn-43c1e934.mp3
开学,kāixué,TO TRANSLATE,cmn-4410ae8e.mp3
得,děi,TO TRANSLATE,cmn-44454e88.mp3
出现,chūxiàn,TO TRANSLATE,cmn-448e2982.mp3
后边,hòubiān,TO TRANSLATE,cmn-44c1c48c.mp3
关,guān,TO TRANSLATE,cmn-44f44561.mp3
十,shí,TO TRANSLATE,cmn-44fa9ee9.mp3
精神,jīngshén,TO TRANSLATE,cmn-4543d88e.mp3
丢,diū,TO TRANSLATE,cmn-456e471a.mp3
墙,qiáng,TO TRANSLATE,cmn-458a3ed2.mp3
腿,tuǐ,TO TRANSLATE,cmn-459a9a19.mp3
米饭,mǐfàn,TO TRANSLATE,cmn-45c7369f.mp3
深,shēn,TO TRANSLATE,cmn-45ccce65.mp3
解决,jiějué,TO TRANSLATE,cmn-46940291.mp3
白,bái,TO TRANSLATE,cmn-46bfe155.mp3
地,dì,TO TRANSLATE,cmn-46fdbdc3.mp3
心,xīn,TO TRANSLATE,cmn-4784abb4.mp3
感到,gǎndào,TO TRANSLATE,cmn-47880d18.mp3
班,bān,TO TRANSLATE,cmn-479044e6.mp3
加,jiā,TO TRANSLATE,cmn-47d21870.mp3
进行,jìnxíng,TO TRANSLATE,cmn-47e00297.mp3
水果,shuǐguǒ,TO TRANSLATE,cmn-481c5c0c.mp3
看见,kànjiàn,TO TRANSLATE,cmn-48256932.mp3
过,guò,TO TRANSLATE,cmn-4831fcfe.mp3
哥哥,gēge,TO TRANSLATE,cmn-48a10390.mp3
动,dòng,TO TRANSLATE,cmn-49099042.mp3
决定,juédìng,TO TRANSLATE,cmn-495d76a2.mp3
出来,chūlái,TO TRANSLATE,cmn-497ee6cc.mp3
成绩,chéngjī,TO TRANSLATE,cmn-499fe9d1.mp3
常常,chángcháng,TO TRANSLATE,cmn-49b50377.mp3
下边,xiàbiān,TO TRANSLATE,cmn-49f283de.mp3
句,jù,TO TRANSLATE,cmn-4acf18ba.mp3
了,liǎo,TO TRANSLATE,cmn-4b5bc149.mp3
个,gè,TO TRANSLATE,cmn-4bb5cf28.mp3
里边,lǐbiān,TO TRANSLATE,cmn-4bca87ee.mp3
输,shū,TO TRANSLATE,cmn-4bf019c2.mp3
午饭,wǔfàn,TO TRANSLATE,cmn-4bf4bdb3.mp3
篮球,lánqiú,TO TRANSLATE,cmn-4c1d724d.mp3
抬,tái,TO TRANSLATE,cmn-4c22ea02.mp3
回答,huídá,TO TRANSLATE,cmn-4c64f8d8.mp3
踢,tī,TO TRANSLATE,cmn-4c74be7e.mp3
表现,biǎoxiàn,TO TRANSLATE,cmn-4c817fec.mp3
有时候,yǒushíhou,TO TRANSLATE,cmn-4cdf5169.mp3
春,chūn,TO TRANSLATE,cmn-4d0a2275.mp3
讲,jiǎng,TO TRANSLATE,cmn-4d5b1bcd.mp3
困难,kùnnan,TO TRANSLATE,cmn-4dab643d.mp3
着急,zháojí,TO TRANSLATE,cmn-4e1cbc3d.mp3
得很,dehěn,TO TRANSLATE,cmn-4e27de95.mp3
日语,rìyǔ,TO TRANSLATE,cmn-4e45b560.mp3
刀,dāo,TO TRANSLATE,cmn-4e8a5a3a.mp3
机场,jīchǎng,TO TRANSLATE,cmn-4e8fb01c.mp3
根,gēn,TO TRANSLATE,cmn-4e94c2c1.mp3
星期日,xīngqīrì,TO TRANSLATE,cmn-4edb618a.mp3
但是,dànshì,TO TRANSLATE,cmn-4eeccf0c.mp3
生日,shēngri,TO TRANSLATE,cmn-4ef51d13.mp3
现代,xiàndài,TO TRANSLATE,cmn-4f2237ad.mp3
吗,ma,TO TRANSLATE,cmn-4f4247a4.mp3
服务员,fúwùyuán,TO TRANSLATE,cmn-4f642847.mp3
这样,zhèyàng,TO TRANSLATE,cmn-4f673f73.mp3
他,tā,TO TRANSLATE,cmn-4ff7e06c.mp3
细,xì,TO TRANSLATE,cmn-50064e51.mp3
食堂,shítáng,TO TRANSLATE,cmn-50b5b3f3.mp3
本,běn,TO TRANSLATE,cmn-50ba5fd5.mp3
技术,jìshù,TO TRANSLATE,cmn-51229049.mp3
流,liú,TO TRANSLATE,cmn-51239c4b.mp3
啊,ā,TO TRANSLATE,cmn-5133df38.mp3
举,jǔ,TO TRANSLATE,cmn-516f1b55.mp3
上来,shànglái,TO TRANSLATE,cmn-5178e29f.mp3
成,chéng,TO TRANSLATE,cmn-517bf407.mp3
接,jiē,TO TRANSLATE,cmn-519297a2.mp3
通过,tōngguò,TO TRANSLATE,cmn-54e27f57.mp3
页,yè,TO TRANSLATE,cmn-5565f896.mp3
轻,qīng,TO TRANSLATE,cmn-5568e2fb.mp3
在,zài,TO TRANSLATE,cmn-55912595.mp3
吃,chī,TO TRANSLATE,cmn-559893d9.mp3
为,wèi,TO TRANSLATE,cmn-5602df4c.mp3
检查,jiǎnchá,TO TRANSLATE,cmn-560b67e1.mp3
头,tóu,TO TRANSLATE,cmn-560fc521.mp3
球,qiú,TO TRANSLATE,cmn-561c47b7.mp3
问,wèn,TO TRANSLATE,cmn-561ca00f.mp3
浅,qiǎn,TO TRANSLATE,cmn-564e5852.mp3
经济,jīngjì,TO TRANSLATE,cmn-56734d39.mp3
苹果,píngguǒ,TO TRANSLATE,cmn-568d6c36.mp3
放假,fàngjià,TO TRANSLATE,cmn-56994c87.mp3
认真,rènzhēn,TO TRANSLATE,cmn-57221a0f.mp3
不如,bùrú,TO TRANSLATE,cmn-57513e2c.mp3
明天,míngtiān,TO TRANSLATE,cmn-5767840f.mp3
能够,nénggòu,TO TRANSLATE,cmn-5779813a.mp3
八,bā,TO TRANSLATE,cmn-5798dd37.mp3
饭店,fàndiàn,TO TRANSLATE,cmn-58276849.mp3
票,piào,TO TRANSLATE,cmn-58917c41.mp3
总是,zǒngshì,TO TRANSLATE,cmn-58d4324c.mp3
政府,zhèngfǔ,TO TRANSLATE,cmn-58f20d36.mp3
建设,jiànshè,TO TRANSLATE,cmn-593f329d.mp3
她们,tāmen,TO TRANSLATE,cmn-594cdaa8.mp3
主意,zhǔyi,TO TRANSLATE,cmn-59541d95.mp3
邮局,yóujú,TO TRANSLATE,cmn-595468bf.mp3
重要,zhòngyào,TO TRANSLATE,cmn-596fc04c.mp3
介绍,jièshào,TO TRANSLATE,cmn-59cdbec3.mp3
中文,zhōngwén,TO TRANSLATE,cmn-5a09ed37.mp3
回去,huíqù,TO TRANSLATE,cmn-5a98668e.mp3
最初,zuìchū,TO TRANSLATE,cmn-5abdcae7.mp3
学习,xuéxí,TO TRANSLATE,cmn-5ac6f809.mp3
书,shū,TO TRANSLATE,cmn-5b18b242.mp3
忽然,hūrán,TO TRANSLATE,cmn-5b84afc3.mp3
宴会,yànhuì,TO TRANSLATE,cmn-5c0d303a.mp3
最后,zuìhòu,TO TRANSLATE,cmn-5c181360.mp3
上午,shàngwǔ,TO TRANSLATE,cmn-5c2312e2.mp3
进,jìn,TO TRANSLATE,cmn-5c30a0b1.mp3
意见,yìjiàn,TO TRANSLATE,cmn-5c8bf183.mp3
从,cóng,TO TRANSLATE,cmn-5c9b783a.mp3
课,kè,TO TRANSLATE,cmn-5df666a7.mp3
熟,shú,TO TRANSLATE,cmn-5e85ae2f.mp3
谈,tán,TO TRANSLATE,cmn-5f16fda0.mp3
哈哈,hāhā,TO TRANSLATE,cmn-5f262806.mp3
思想,sīxiǎng,TO TRANSLATE,cmn-60ba557b.mp3
这么,zhème,TO TRANSLATE,cmn-61856f38.mp3
当然,dāngrán,TO TRANSLATE,cmn-61a924ae.mp3
中午,zhōngwǔ,TO TRANSLATE,cmn-61c68565.mp3
客气,kèqi,TO TRANSLATE,cmn-61f68e1c.mp3
好像,hǎoxiàng,TO TRANSLATE,cmn-6214ea41.mp3
人们,rénmen,TO TRANSLATE,cmn-6215a6b0.mp3
漂亮,piàoliang,TO TRANSLATE,cmn-62177238.mp3
不用,búyòng,TO TRANSLATE,cmn-621e77e5.mp3
做,zuò,TO TRANSLATE,cmn-622a1809.mp3
元,yuán,TO TRANSLATE,cmn-622d75cd.mp3
周围,zhōuwéi,TO TRANSLATE,cmn-626222d7.mp3
最,zuì,TO TRANSLATE,cmn-62623336.mp3
外国,wàiguó,TO TRANSLATE,cmn-628b2217.mp3
贵,guì,TO TRANSLATE,cmn-631274b5.mp3
掉,diào,TO TRANSLATE,cmn-634afb41.mp3
丰富,fēngfù,TO TRANSLATE,cmn-636a881e.mp3
听说,tīngshuō,TO TRANSLATE,cmn-6392fc94.mp3
夜,yè,TO TRANSLATE,cmn-63ba6ddb.mp3
啦,la,TO TRANSLATE,cmn-63ebb3db.mp3
人,rén,TO TRANSLATE,cmn-6434bdce.mp3
磁带,cídài,TO TRANSLATE,cmn-64618ea7.mp3
坐,zuò,TO TRANSLATE,cmn-6488ac4a.mp3
新年,xīnnián,TO TRANSLATE,cmn-64c9b539.mp3
收,shōu,TO TRANSLATE,cmn-65012ca7.mp3
火车,huǒchē,TO TRANSLATE,cmn-6540da8f.mp3
星期,xīngqī,TO TRANSLATE,cmn-65a123ce.mp3
去年,qùnián,TO TRANSLATE,cmn-65cc9cd5.mp3
生词,shēngcí,TO TRANSLATE,cmn-66412418.mp3
鱼,yú,TO TRANSLATE,cmn-667b5263.mp3
演出,yǎnchū,TO TRANSLATE,cmn-66958c8f.mp3
敢,gǎn,TO TRANSLATE,cmn-66c0c99b.mp3
过来,guòlái,TO TRANSLATE,cmn-66f02629.mp3
钟头,zhōngtóu,TO TRANSLATE,cmn-67227258.mp3
希望,xīwàng,TO TRANSLATE,cmn-6735420c.mp3
目前,mùqián,TO TRANSLATE,cmn-67803c7a.mp3
组织,zǔzhī,TO TRANSLATE,cmn-67ef3525.mp3
全部,quánbù,TO TRANSLATE,cmn-68022ee7.mp3
当,dāng,TO TRANSLATE,cmn-6805d952.mp3
掌握,zhǎngwò,TO TRANSLATE,cmn-6823e5a4.mp3
到,dào,TO TRANSLATE,cmn-68536a96.mp3
访问,fǎngwèn,TO TRANSLATE,cmn-688e3e6a.mp3
文章,wénzhāng,TO TRANSLATE,cmn-689f05e1.mp3
冷,lěng,TO TRANSLATE,cmn-68b4d2bb.mp3
窗,chuāng,TO TRANSLATE,cmn-696f4db3.mp3
吧,ba,TO TRANSLATE,cmn-699b7708.mp3
或者,huòzhě,TO TRANSLATE,cmn-69c272eb.mp3
椅子,yǐzi,TO TRANSLATE,cmn-6a7065c8.mp3
听写,tīngxiě,TO TRANSLATE,cmn-6ad3ac59.mp3
小孩儿,xiǎoháir,TO TRANSLATE,cmn-6b45fa36.mp3
发,fā,TO TRANSLATE,cmn-6b7bec0f.mp3
干净,gānjìng,TO TRANSLATE,cmn-6bb45801.mp3
放,fàng,TO TRANSLATE,cmn-6bdaa495.mp3
翻,fān,TO TRANSLATE,cmn-6c02c744.mp3
棵,kē,TO TRANSLATE,cmn-6c0fdd29.mp3
满意,mǎnyì,TO TRANSLATE,cmn-6c9871b5.mp3
月,yuè,TO TRANSLATE,cmn-6cb9bb04.mp3
多少,duōshao,TO TRANSLATE,cmn-6cf50c25.mp3
克,kè,TO TRANSLATE,cmn-6cf6fdff.mp3
那么,nàme,TO TRANSLATE,cmn-6cfed86f.mp3
动物,dòngwù,TO TRANSLATE,cmn-6d244c20.mp3
躺,tǎng,TO TRANSLATE,cmn-6d2e44aa.mp3
戴,dài,TO TRANSLATE,cmn-6d7810d6.mp3
练习,liànxí,TO TRANSLATE,cmn-6f42642c.mp3
刚才,gāngcái,TO TRANSLATE,cmn-7007a18c.mp3
下去,xiàqù,TO TRANSLATE,cmn-70624752.mp3
上,shàng,TO TRANSLATE,cmn-70dbefe0.mp3
通,tōng,TO TRANSLATE,cmn-722bd02c.mp3
快,kuài,TO TRANSLATE,cmn-7231034e.mp3
足球,zúqiú,TO TRANSLATE,cmn-72c8ba29.mp3
夫人,fūren,TO TRANSLATE,cmn-73f3e81c.mp3
跑,pǎo,TO TRANSLATE,cmn-743cc3a7.mp3
团结,tuánjié,TO TRANSLATE,cmn-74659fb5.mp3
学,xué,TO TRANSLATE,cmn-74740f20.mp3
件,jiàn,TO TRANSLATE,cmn-7499c0a4.mp3
喂,wèi,TO TRANSLATE,cmn-74c504c9.mp3
红,hóng,TO TRANSLATE,cmn-751e9bc1.mp3
马上,mǎshàng,TO TRANSLATE,cmn-75998641.mp3
哪里,nǎlǐ,TO TRANSLATE,cmn-75c4a59b.mp3
倒,dǎo,TO TRANSLATE,cmn-75eaa17a.mp3
国,guó,TO TRANSLATE,cmn-770d57b9.mp3
医院,yīyuàn,TO TRANSLATE,cmn-7746a722.mp3
咳嗽,késou,TO TRANSLATE,cmn-77b37f31.mp3
别人,biéren,TO TRANSLATE,cmn-77c22a19.mp3
穿,chuān,TO TRANSLATE,cmn-77f7b68a.mp3
故事,gùshi,TO TRANSLATE,cmn-7815d3b3.mp3
基本,jīběn,TO TRANSLATE,cmn-7929b36a.mp3
爸爸,bàba,TO TRANSLATE,cmn-799ef867.mp3
暖和,nuǎnhuo,TO TRANSLATE,cmn-7a12ed2d.mp3
喊,hǎn,TO TRANSLATE,cmn-7a1e8cfb.mp3
一般,yìbān,TO TRANSLATE,cmn-7a327141.mp3
汽车,qìchē,TO TRANSLATE,cmn-7a4fb9ef.mp3
脏,zāng,TO TRANSLATE,cmn-7a589bf4.mp3
钟,zhōng,TO TRANSLATE,cmn-7ab55470.mp3
着,zhe,TO TRANSLATE,cmn-7abb6840.mp3
辅导,fǔdǎo,TO TRANSLATE,cmn-7ac485fa.mp3
道理,dàolǐ,TO TRANSLATE,cmn-7acd56ab.mp3
水,shuǐ,TO TRANSLATE,cmn-7ae7ac2d.mp3
树,shù,TO TRANSLATE,cmn-7b216a3b.mp3
结束,jiéshù,TO TRANSLATE,cmn-7b512b46.mp3
特别,tèbié,TO TRANSLATE,cmn-7b782302.mp3
事情,shìqing,TO TRANSLATE,cmn-7c2bc98d.mp3
进来,jìnlái,TO TRANSLATE,cmn-7c3fce0e.mp3
精彩,jīngcǎi,TO TRANSLATE,cmn-7c6131b6.mp3
帽子,màozi,TO TRANSLATE,cmn-7c6bbdab.mp3
电灯,diàndēng,TO TRANSLATE,cmn-7cf564b7.mp3
附近,fùjìn,TO TRANSLATE,cmn-7d001f59.mp3
电车,diànchē,TO TRANSLATE,cmn-7d86e2d1.mp3
住,zhù,TO TRANSLATE,cmn-7dc6ef2a.mp3
湖,hú,TO TRANSLATE,cmn-7e455680.mp3
汤,tāng,TO TRANSLATE,cmn-7e4b8d08.mp3
文化,wénhuà,TO TRANSLATE,cmn-7e64f673.mp3
经验,jīngyàn,TO TRANSLATE,cmn-7e7b65b6.mp3
一定,yídìng,TO TRANSLATE,cmn-7e8ef4af.mp3
知道,zhīdào,TO TRANSLATE,cmn-7ecd53b4.mp3
时间,shíjiān,TO TRANSLATE,cmn-7edf331d.mp3
亮,liàng,TO TRANSLATE,cmn-7eee69b3.mp3
先生,xiānsheng,TO TRANSLATE,cmn-7f908d4a.mp3
市,shì,TO TRANSLATE,cmn-7fc20de5.mp3
为什么,wèishénme,TO TRANSLATE,cmn-7fd1a980.mp3
爬,pá,TO TRANSLATE,cmn-7fd6e2b7.mp3
香蕉,xiāngjiāo,TO TRANSLATE,cmn-8005eb32.mp3
接着,jiēzhe,TO TRANSLATE,cmn-80460faa.mp3
从前,cóngqián,TO TRANSLATE,cmn-80e7ceee.mp3
礼物,lǐwù,TO TRANSLATE,cmn-8166bc86.mp3
街,jiē,TO TRANSLATE,cmn-81c7d345.mp3
年级,niánjí,TO TRANSLATE,cmn-82b92e66.mp3
卡车,kǎchē,TO TRANSLATE,cmn-82c576e1.mp3
开玩笑,kāiwánxiào,TO TRANSLATE,cmn-83041c44.mp3
我们,wǒmen,TO TRANSLATE,cmn-830fc462.mp3
生产,shēngchǎn,TO TRANSLATE,cmn-8355f2be.mp3
可是,kěshì,TO TRANSLATE,cmn-836b17fb.mp3
外,wài,TO TRANSLATE,cmn-836f84c5.mp3
您,nín,TO TRANSLATE,cmn-8396a413.mp3
告诉,gàosu,TO TRANSLATE,cmn-83c369d7.mp3
东,dōng,TO TRANSLATE,cmn-840f5ab1.mp3
东边,dōngbiān,TO TRANSLATE,cmn-843cecf8.mp3
下课,xiàkè,TO TRANSLATE,cmn-844f356d.mp3
永远,yǒngyuǎn,TO TRANSLATE,cmn-84cbdb5d.mp3
完,wán,TO TRANSLATE,cmn-84e29535.mp3
糖,táng,TO TRANSLATE,cmn-8568d43d.mp3
离开,líkāi,TO TRANSLATE,cmn-857659eb.mp3
被,bèi,TO TRANSLATE,cmn-8585fc01.mp3
外边,wàibiān,TO TRANSLATE,cmn-85cda5ba.mp3
大夫,dàifu,TO TRANSLATE,cmn-861622be.mp3
见面,jiànmiàn,TO TRANSLATE,cmn-86337728.mp3
办,bàn,TO TRANSLATE,cmn-86b305db.mp3
问好,wènhǎo,TO TRANSLATE,cmn-8792eb09.mp3
立刻,lìkè,TO TRANSLATE,cmn-87ec7f28.mp3
念,niàn,TO TRANSLATE,cmn-883e3e2d.mp3
纸,zhǐ,TO TRANSLATE,cmn-887c62bb.mp3
秋天,qiūtiān,TO TRANSLATE,cmn-889488cf.mp3
以为,yǐwéi,TO TRANSLATE,cmn-88f62e5b.mp3
对不起,duìbuqǐ,TO TRANSLATE,cmn-893fa634.mp3
圆,yuán,TO TRANSLATE,cmn-8947285a.mp3
晚会,wǎnhuì,TO TRANSLATE,cmn-8975fe0f.mp3
们,men,TO TRANSLATE,cmn-89fb39de.mp3
信封,xìnfēng,TO TRANSLATE,cmn-8a0416d7.mp3
法语,fǎyǔ,TO TRANSLATE,cmn-8a2fc405.mp3
互相,hùxiāng,TO TRANSLATE,cmn-8a8b6fe7.mp3
民族,mínzú,TO TRANSLATE,cmn-8a8cf997.mp3
骑,qí,TO TRANSLATE,cmn-8a92c58c.mp3
问题,wèntí,TO TRANSLATE,cmn-8acd50ed.mp3
多,duō,TO TRANSLATE,cmn-8ad9c8ee.mp3
词典,cídiǎn,TO TRANSLATE,cmn-8af61b16.mp3
握手,wòshǒu,TO TRANSLATE,cmn-8afad5a7.mp3
停,tíng,TO TRANSLATE,cmn-8b49bd3c.mp3
蓝,lán,TO TRANSLATE,cmn-8c626e2a.mp3
正确,zhèngquè,TO TRANSLATE,cmn-8c697192.mp3
比,bǐ,TO TRANSLATE,cmn-8cd3827b.mp3
妹妹,mèimei,TO TRANSLATE,cmn-8d9f42b8.mp3
嘛,ma,TO TRANSLATE,cmn-8e2d8187.mp3
活,huó,TO TRANSLATE,cmn-8e3474b8.mp3
第,dì,TO TRANSLATE,cmn-8e3e0311.mp3
意义,yìyì,TO TRANSLATE,cmn-8f0bbf0a.mp3
退,tuì,TO TRANSLATE,cmn-8f492956.mp3
今年,jīnnián,TO TRANSLATE,cmn-8fc6e742.mp3
咱们,zánmen,TO TRANSLATE,cmn-8ff996d1.mp3
一,yī,TO TRANSLATE,cmn-900e06fe.mp3
全体,quántǐ,TO TRANSLATE,cmn-90144fed.mp3
医生,yīshēng,TO TRANSLATE,cmn-901eb874.mp3
化学,huàxué,TO TRANSLATE,cmn-90431e4b.mp3
边,biān,TO TRANSLATE,cmn-904bd014.mp3
请问,qǐngwèn,TO TRANSLATE,cmn-905a3f35.mp3
打算,dǎsuàn,TO TRANSLATE,cmn-909e9430.mp3
合适,héshì,TO TRANSLATE,cmn-90a6033e.mp3
药,yào,TO TRANSLATE,cmn-90f40075.mp3
刮,guā,TO TRANSLATE,cmn-925c57f5.mp3
寄,jì,TO TRANSLATE,cmn-93222c46.mp3
信,xìn,TO TRANSLATE,cmn-93268067.mp3
麻烦,máfan,TO TRANSLATE,cmn-933b39b7.mp3
跟,gēn,TO TRANSLATE,cmn-9384eea0.mp3
吹,chuī,TO TRANSLATE,cmn-93944a6b.mp3
位,wèi,TO TRANSLATE,cmn-93c88e06.mp3
起,qǐ,TO TRANSLATE,cmn-940724d8.mp3
点钟,diǎnzhōng,TO TRANSLATE,cmn-942be519.mp3
矮,ǎi,TO TRANSLATE,cmn-945b070d.mp3
找,zhǎo,TO TRANSLATE,cmn-94b6c889.mp3
妈妈,māma,TO TRANSLATE,cmn-94d6dd46.mp3
累,lèi,TO TRANSLATE,cmn-952ccaf2.mp3
钢笔,gāngbǐ,TO TRANSLATE,cmn-95502c8a.mp3
数,shǔ,TO TRANSLATE,cmn-9579b8d3.mp3
铅笔,qiānbǐ,TO TRANSLATE,cmn-95d592bd.mp3
也许,yěxǔ,TO TRANSLATE,cmn-962c4861.mp3
父亲,fùqīn,TO TRANSLATE,cmn-96a28c62.mp3
录音,lùyīn,TO TRANSLATE,cmn-9700696d.mp3
习惯,xíguàn,TO TRANSLATE,cmn-970352b4.mp3
站,zhàn,TO TRANSLATE,cmn-97cc51f5.mp3
意思,yìsi,TO TRANSLATE,cmn-98d132a3.mp3
响,xiǎng,TO TRANSLATE,cmn-990ded1d.mp3
节,jié,TO TRANSLATE,cmn-9a6acac7.mp3
各种,gèzhǒng,TO TRANSLATE,cmn-9a943e78.mp3
一起,yìqǐ,TO TRANSLATE,cmn-9abff013.mp3
看病,kànbìng,TO TRANSLATE,cmn-9b52dce5.mp3
怎样,zěnyàng,TO TRANSLATE,cmn-9bd21e72.mp3
紧,jǐn,TO TRANSLATE,cmn-9bf742c0.mp3
表演,biǎoyǎn,TO TRANSLATE,cmn-9c30a57b.mp3
连_都_,lián_dōu,TO TRANSLATE,cmn-9cbec626.mp3
变化,biànhuà,TO TRANSLATE,cmn-9d7a36e7.mp3
办公室,bàngōngshì,TO TRANSLATE,cmn-9d80b3ca.mp3
俩,liǎ,TO TRANSLATE,cmn-9dfd0855.mp3
把,bǎ,TO TRANSLATE,cmn-9e2f6fff.mp3
交,jiāo,TO TRANSLATE,cmn-9e3b80ad.mp3
海,hǎi,TO TRANSLATE,cmn-9e9909d2.mp3
用,yòng,TO TRANSLATE,cmn-9ecc7bf3.mp3
内,nèi,TO TRANSLATE,cmn-a063833b.mp3
那个,nàge,TO TRANSLATE,cmn-a085a8ca.mp3
操场,cāochǎng,TO TRANSLATE,cmn-a123e7d5.mp3
跳,tiào,TO TRANSLATE,cmn-a15c8243.mp3
碗,wǎn,TO TRANSLATE,cmn-a1b6c7bb.mp3
晚饭,wǎnfàn,TO TRANSLATE,cmn-a210614b.mp3
哭,kū,TO TRANSLATE,cmn-a263cdd5.mp3
觉得,juéde,TO TRANSLATE,cmn-a28715e1.mp3
车站,chēzhàn,TO TRANSLATE,cmn-a30f3ad7.mp3
记,jì,TO TRANSLATE,cmn-a3557ae1.mp3
贵姓,guìxìng,TO TRANSLATE,cmn-a357d2ab.mp3
面条儿,miàntiáor,TO TRANSLATE,cmn-a369c43e.mp3
口,kǒu,TO TRANSLATE,cmn-a3acbd8f.mp3
屋子,wūzi,TO TRANSLATE,cmn-a43b78a7.mp3
一共,yígòng,TO TRANSLATE,cmn-a442f086.mp3
斤,jīn,TO TRANSLATE,cmn-a48e3f6d.mp3
四,sì,TO TRANSLATE,cmn-a500d244.mp3
预习,yùxí,TO TRANSLATE,cmn-a56fc816.mp3
跳舞,tiàowǔ,TO TRANSLATE,cmn-a5e92024.mp3
馆,guǎn,TO TRANSLATE,cmn-a5f40f47.mp3
向,xiàng,TO TRANSLATE,cmn-a621e291.mp3
场,chǎng,TO TRANSLATE,cmn-a62854dd.mp3
笔,bǐ,TO TRANSLATE,cmn-a63cbb8f.mp3
钱,qián,TO TRANSLATE,cmn-a66359bf.mp3
部分,bùfen,TO TRANSLATE,cmn-a6b8365c.mp3
实现,shíxiàn,TO TRANSLATE,cmn-a70f5c9e.mp3
了解,liǎojiě,TO TRANSLATE,cmn-a73a5801.mp3
一样,yíyàng,TO TRANSLATE,cmn-a7943b0d.mp3
分,fēn,TO TRANSLATE,cmn-a7e9ff0f.mp3
角,jiǎo,TO TRANSLATE,cmn-a7f7804c.mp3
相信,xiāngxìn,TO TRANSLATE,cmn-a8f4a398.mp3
点心,diǎnxin,TO TRANSLATE,cmn-a91a1add.mp3
北,běi,TO TRANSLATE,cmn-a9351af9.mp3
年,nián,TO TRANSLATE,cmn-a963a93d.mp3
虽然,suīrán,TO TRANSLATE,cmn-a99b66b9.mp3
去,qù,TO TRANSLATE,cmn-a9db1498.mp3
千,qiān,TO TRANSLATE,cmn-aaf4ffc5.mp3
迟到,chídào,TO TRANSLATE,cmn-ab73e5ff.mp3
感谢,gǎnxiè,TO TRANSLATE,cmn-ab7653f8.mp3
间,jiān,TO TRANSLATE,cmn-ab7e5975.mp3
二,èr,TO TRANSLATE,cmn-ab8e2857.mp3
好看,hǎokàn,TO TRANSLATE,cmn-aba7f4a8.mp3
窗户,chuānghu,TO TRANSLATE,cmn-abb34ccd.mp3
太,tài,TO TRANSLATE,cmn-ac00f842.mp3
两,liǎng,TO TRANSLATE,cmn-ac0de22f.mp3
错误,cuòwù,TO TRANSLATE,cmn-ac405b50.mp3
农业,nóngyè,TO TRANSLATE,cmn-ac56162a.mp3
城,chéng,TO TRANSLATE,cmn-acb1f3ab.mp3
坚持,jiānchí,TO TRANSLATE,cmn-acc60110.mp3
方法,fāngfǎ,TO TRANSLATE,cmn-ad01bc3e.mp3
叫,jiào,TO TRANSLATE,cmn-ad7735bd.mp3
歌,gēge,TO TRANSLATE,cmn-ad8978af.mp3
是,shì,TO TRANSLATE,cmn-addfcb6b.mp3
这个,zhège,TO TRANSLATE,cmn-adfe1f9d.mp3
层,céng,TO TRANSLATE,cmn-ae00b6ac.mp3
完全,wánquán,TO TRANSLATE,cmn-ae035679.mp3
再,zài,TO TRANSLATE,cmn-aeb80b09.mp3
起床,qǐchuáng,TO TRANSLATE,cmn-af39f74c.mp3
咱,zán,TO TRANSLATE,cmn-af79a0db.mp3
买,mǎi,TO TRANSLATE,cmn-afcc0713.mp3
南,nán,TO TRANSLATE,cmn-b02e2bb8.mp3
讨论,tǎolùn,TO TRANSLATE,cmn-b0dc62bc.mp3
便宜,piányi,TO TRANSLATE,cmn-b0e54ccd.mp3
友谊,yǒuyì,TO TRANSLATE,cmn-b0fc7875.mp3
它们,tāmen,TO TRANSLATE,cmn-b10af37c.mp3
飞机,fēijī,TO TRANSLATE,cmn-b1beabae.mp3
作业,zuòyè,TO TRANSLATE,cmn-b1fb4c18.mp3
非常,fēicháng,TO TRANSLATE,cmn-b20f939a.mp3
渴,kě,TO TRANSLATE,cmn-b23e2625.mp3
这,zhè,TO TRANSLATE,cmn-b23ec19d.mp3
危险,wēixiǎn,TO TRANSLATE,cmn-b249b77e.mp3
真正,zhēnzhèng,TO TRANSLATE,cmn-b24f2d9e.mp3
要求,yāoqiú,TO TRANSLATE,cmn-b25052c3.mp3
儿子,érzi,TO TRANSLATE,cmn-b2b320a7.mp3
艺术,yìshù,TO TRANSLATE,cmn-b31e932c.mp3
办法,bànfǎ,TO TRANSLATE,cmn-b3602394.mp3
十分,shífēn,TO TRANSLATE,cmn-b370a8f2.mp3
要是,yàoshi,TO TRANSLATE,cmn-b3c9915d.mp3
刚,gāng,TO TRANSLATE,cmn-b3e8a340.mp3
睡觉,shuìjiào,TO TRANSLATE,cmn-b41187ea.mp3
写,xiě,TO TRANSLATE,cmn-b462df74.mp3
工人,gōngrén,TO TRANSLATE,cmn-b46c727d.mp3
电话,diànhuà,TO TRANSLATE,cmn-b4797b26.mp3
黄,huáng,TO TRANSLATE,cmn-b4960277.mp3
怎么,zěnme,TO TRANSLATE,cmn-b5304e39.mp3
学校,xuéxiào,TO TRANSLATE,cmn-b545b5e9.mp3
路,lù,TO TRANSLATE,cmn-b55dde0c.mp3
服务,fúwù,TO TRANSLATE,cmn-b58e0c3f.mp3
他们,tāmen,TO TRANSLATE,cmn-b5919f86.mp3
劳动,láodòng,TO TRANSLATE,cmn-b5922b85.mp3
顿,dùn,TO TRANSLATE,cmn-b5b01188.mp3
因为,yīnwèi,TO TRANSLATE,cmn-b5b522c8.mp3
疼,téng,TO TRANSLATE,cmn-b620cd0c.mp3
指,zhǐ,TO TRANSLATE,cmn-b6c4b4c4.mp3
应该,yīnggāi,TO TRANSLATE,cmn-b7cc3b8d.mp3
音乐,yīnyuè,TO TRANSLATE,cmn-b7fb4495.mp3
有名,yǒumíng,TO TRANSLATE,cmn-b8190d50.mp3
五,wǔ,TO TRANSLATE,cmn-b8e2b001.mp3
游泳,yóuyǒng,TO TRANSLATE,cmn-b941cfc3.mp3
号,hào,TO TRANSLATE,cmn-b97669f2.mp3
胜利,shènglì,TO TRANSLATE,cmn-b97cb756.mp3
常,cháng,TO TRANSLATE,cmn-b9ced457.mp3
衣服,yīfu,TO TRANSLATE,cmn-badeae18.mp3
忙,máng,TO TRANSLATE,cmn-bae652ce.mp3
宿舍,sùshè,TO TRANSLATE,cmn-baef386f.mp3
帮助,bāngzhù,TO TRANSLATE,cmn-bb077fb7.mp3
脱,tuō,TO TRANSLATE,cmn-bb39865f.mp3
需要,xūyào,TO TRANSLATE,cmn-bc35be02.mp3
近,jìn,TO TRANSLATE,cmn-bce549af.mp3
洗,xǐ,TO TRANSLATE,cmn-bcec185b.mp3
说,shuō,TO TRANSLATE,cmn-bd238fb9.mp3
口语,kǒuyǔ,TO TRANSLATE,cmn-bd2a4451.mp3
工业,gōngyè,TO TRANSLATE,cmn-bd343037.mp3
课文,kèwén,TO TRANSLATE,cmn-bda79eaf.mp3
右,yòu,TO TRANSLATE,cmn-be1badeb.mp3
新,xīn,TO TRANSLATE,cmn-be54eb10.mp3
安排,ānpái,TO TRANSLATE,cmn-be63186b.mp3
关系,guānxi,TO TRANSLATE,cmn-be7ca45e.mp3
重,zhòng,TO TRANSLATE,cmn-beb9c32c.mp3
紧张,jǐnzhāng,TO TRANSLATE,cmn-bef755e6.mp3
六,liù,TO TRANSLATE,cmn-befb7802.mp3
公里,gōnglǐ,TO TRANSLATE,cmn-bf0f9865.mp3
苦,kǔ,TO TRANSLATE,cmn-bf721f57.mp3
门,mén,TO TRANSLATE,cmn-bf7f053a.mp3
世界,shìjiè,TO TRANSLATE,cmn-c01e72eb.mp3
机器,jīqì,TO TRANSLATE,cmn-c0413511.mp3
方便,fāngbiàn,TO TRANSLATE,cmn-c090dfcb.mp3
系,xì,TO TRANSLATE,cmn-c0b78848.mp3
排球,páiqiú,TO TRANSLATE,cmn-c11de045.mp3
节日,jiérì,TO TRANSLATE,cmn-c2000967.mp3
手,shǒu,TO TRANSLATE,cmn-c2050caa.mp3
远,yuǎn,TO TRANSLATE,cmn-c2543512.mp3
原谅,yuánliàng,TO TRANSLATE,cmn-c2588c9c.mp3
脸,liǎn,TO TRANSLATE,cmn-c2e53efb.mp3
洗澡,xǐzǎo,TO TRANSLATE,cmn-c2f792af.mp3
早,zǎo,TO TRANSLATE,cmn-c3247291.mp3
回来,huílái,TO TRANSLATE,cmn-c33ea426.mp3
表示,biǎoshì,TO TRANSLATE,cmn-c33f5ada.mp3
那些,nàxiē,TO TRANSLATE,cmn-c36dca72.mp3
左,zuǒ,TO TRANSLATE,cmn-c459f5fb.mp3
师傅,shīfu,TO TRANSLATE,cmn-c45f69be.mp3
东西,dōngxi,TO TRANSLATE,cmn-c4698257.mp3
所有,suǒyǒu,TO TRANSLATE,cmn-c48f6f64.mp3
还,huàn,TO TRANSLATE,cmn-c539f10b.mp3
肉,ròu,TO TRANSLATE,cmn-c5619947.mp3
错,cuò,TO TRANSLATE,cmn-c58c56c3.mp3
样子,yàngzi,TO TRANSLATE,cmn-c5d2f322.mp3
地方,dìfang,TO TRANSLATE,cmn-c60625bf.mp3
咖啡,kāfēi,TO TRANSLATE,cmn-c6681ef0.mp3
不要,búyào,TO TRANSLATE,cmn-c680fcc5.mp3
参观,cānguān,TO TRANSLATE,cmn-c6ac3b5b.mp3
挂,guà,TO TRANSLATE,cmn-c6ae404b.mp3
卖,mài,TO TRANSLATE,cmn-c7291b2e.mp3
让,ràng,TO TRANSLATE,cmn-c73ed221.mp3
请假,qǐngjià,TO TRANSLATE,cmn-c76aebea.mp3
往,wǎng,TO TRANSLATE,cmn-c796cb4f.mp3
谢谢,xièxie,TO TRANSLATE,cmn-c79c0cb2.mp3
呐,na,TO TRANSLATE,cmn-c83de346.mp3
云,yún,TO TRANSLATE,cmn-c888448e.mp3
秋,qiū,TO TRANSLATE,cmn-c8c06fb1.mp3
上去,shàngqù,TO TRANSLATE,cmn-c8de2037.mp3
很,hěn,TO TRANSLATE,cmn-c94d437d.mp3
结果,jiéguǒ,TO TRANSLATE,cmn-c975293f.mp3
喜欢,xǐhuan,TO TRANSLATE,cmn-c99e3a0d.mp3
小,xiǎo,TO TRANSLATE,cmn-c9aafb50.mp3
里,lǐ,TO TRANSLATE,cmn-c9bef3ba.mp3
批评,pīpíng,TO TRANSLATE,cmn-c9e8ecc8.mp3
片,piàn,TO TRANSLATE,cmn-ca712ab6.mp3
差,chà,TO TRANSLATE,cmn-ca827dc9.mp3
联系,liánxì,TO TRANSLATE,cmn-ca8786c7.mp3
日,rì,TO TRANSLATE,cmn-ca923eba.mp3
怎么样,zěnmeyàng,TO TRANSLATE,cmn-cab5634b.mp3
明年,míngnián,TO TRANSLATE,cmn-cb0d84ca.mp3
对,duì,TO TRANSLATE,cmn-cb4a6057.mp3
最近,zuìjìn,TO TRANSLATE,cmn-cbd4b5ab.mp3
飞,fēi,TO TRANSLATE,cmn-cbef6354.mp3
各,gè,TO TRANSLATE,cmn-cbfc067a.mp3
代表,dàibiǎo,TO TRANSLATE,cmn-cc3e50b3.mp3
月亮,yuèliang,TO TRANSLATE,cmn-cc6bbd58.mp3
认识,rènshi,TO TRANSLATE,cmn-cc7e90c2.mp3
北边,běibiān,TO TRANSLATE,cmn-ccc0a61a.mp3
外语,wàiyǔ,TO TRANSLATE,cmn-ccce52d7.mp3
鞋,xié,TO TRANSLATE,cmn-ccdacf01.mp3
忘,wàng,TO TRANSLATE,cmn-cde16258.mp3
这些,zhèxiē,TO TRANSLATE,cmn-ce167d25.mp3
辛苦,xīnkǔ,TO TRANSLATE,cmn-ce502ed9.mp3
全,quán,TO TRANSLATE,cmn-ce918c8d.mp3
学生,xuésheng,TO TRANSLATE,cmn-cecc3182.mp3
张,zhāng,TO TRANSLATE,cmn-cece8905.mp3
什么,shénme,TO TRANSLATE,cmn-ced61196.mp3
急,jí,TO TRANSLATE,cmn-cf11ba2c.mp3
江,jiāng,TO TRANSLATE,cmn-cf40642c.mp3
老师,lǎoshī,TO TRANSLATE,cmn-cf806469.mp3
从_到_,cóng_dào_,TO TRANSLATE,cmn-cfa5dbf5.mp3
西,xī,TO TRANSLATE,cmn-d01ebebb.mp3
黑板,hēibǎn,TO TRANSLATE,cmn-d03ca275.mp3
杯,bēi,TO TRANSLATE,cmn-d0a83f2e.mp3
出去,chūqù,TO TRANSLATE,cmn-d0d82464.mp3
农村,nóngcūn,TO TRANSLATE,cmn-d0f3cb2b.mp3
打,dǎ,TO TRANSLATE,cmn-d16994fc.mp3
女,nǚ,TO TRANSLATE,cmn-d17061c3.mp3
拿,ná,TO TRANSLATE,cmn-d1879a9d.mp3
饿,è,TO TRANSLATE,cmn-d1dcd48c.mp3
自己,zìjǐ,TO TRANSLATE,cmn-d20e0481.mp3
昨天,zuótiān,TO TRANSLATE,cmn-d23e74ed.mp3
公斤,gōngjīn,TO TRANSLATE,cmn-d23f54b2.mp3
运动,yùndòng,TO TRANSLATE,cmn-d24a0f7d.mp3
啤酒,píjiǔ,TO TRANSLATE,cmn-d26278e9.mp3
确实,quèshí,TO TRANSLATE,cmn-d26a6fe6.mp3
年轻,niánqīng,TO TRANSLATE,cmn-d2a5a3d3.mp3
大,dà,TO TRANSLATE,cmn-d2b184ff.mp3
实践,shíjiàn,TO TRANSLATE,cmn-d2bd6296.mp3
半,bàn,TO TRANSLATE,cmn-d3284761.mp3
集合,jíhé,TO TRANSLATE,cmn-d366874c.mp3
可能,kěnéng,TO TRANSLATE,cmn-d37a8023.mp3
原来,yuánlái,TO TRANSLATE,cmn-d382dbb1.mp3
热情,rèqíng,TO TRANSLATE,cmn-d3d79136.mp3
文学,wénxué,TO TRANSLATE,cmn-d422d33c.mp3
鸡,jī,TO TRANSLATE,cmn-d4bf85f3.mp3
回,huí,TO TRANSLATE,cmn-d56a26cb.mp3
呀,yā,TO TRANSLATE,cmn-d58af322.mp3
没关系,méiguānxi,TO TRANSLATE,cmn-d594e032.mp3
中,zhōng,TO TRANSLATE,cmn-d5d15a8b.mp3
留,liú,TO TRANSLATE,cmn-d6094a88.mp3
你,nǐ,TO TRANSLATE,cmn-d617d273.mp3
笑,xiào,TO TRANSLATE,cmn-d6564f00.mp3
风,fēng,TO TRANSLATE,cmn-d6587330.mp3
河,hé,TO TRANSLATE,cmn-d6b55b0c.mp3
该,gāi,TO TRANSLATE,cmn-d793af4b.mp3
教,jiāo,TO TRANSLATE,cmn-d7cb20bf.mp3
姓,xìng,TO TRANSLATE,cmn-d8282389.mp3
多么,duōme,TO TRANSLATE,cmn-d89e759b.mp3
改变,gǎibiàn,TO TRANSLATE,cmn-d8c55445.mp3
乱,luàn,TO TRANSLATE,cmn-d8cb3785.mp3
西边,xībiān,TO TRANSLATE,cmn-d9097f60.mp3
黑,hēi,TO TRANSLATE,cmn-d94be69c.mp3
除了_以外,chúle_yǐwài,TO TRANSLATE,cmn-d979e41e.mp3
段,duàn,TO TRANSLATE,cmn-d9a1a364.mp3
人民,rénmín,TO TRANSLATE,cmn-da0de704.mp3
酸,suān,TO TRANSLATE,cmn-da3c658d.mp3
高兴,gāoxìng,TO TRANSLATE,cmn-da5b85f5.mp3
留学生,liúxuéshēng,TO TRANSLATE,cmn-da60e1d7.mp3
只,zhǐ,TO TRANSLATE,cmn-da70052b.mp3
为了,wèile,TO TRANSLATE,cmn-da750d47.mp3
银行,yínháng,TO TRANSLATE,cmn-dad564d4.mp3
等,děng,TO TRANSLATE,cmn-dc21e617.mp3
起来,qǐlái,TO TRANSLATE,cmn-dc6bc629.mp3
影响,yǐngxiǎng,TO TRANSLATE,cmn-dc9efac7.mp3
给,gěi,TO TRANSLATE,cmn-dd0e43a4.mp3
一切,yíqiè,TO TRANSLATE,cmn-de561b52.mp3
牛,niú,TO TRANSLATE,cmn-de7076f9.mp3
可以,kěyǐ,TO TRANSLATE,cmn-de935dea.mp3
声音,shēngyīn,TO TRANSLATE,cmn-df3c1f82.mp3
桌子,zhuōzi,TO TRANSLATE,cmn-df98a532.mp3
百,bǎi,TO TRANSLATE,cmn-dfb6b0ef.mp3
经过,jīngguò,TO TRANSLATE,cmn-dfde301d.mp3
周,zhōu,TO TRANSLATE,cmn-e03f5bd8.mp3
将来,jiānglái,TO TRANSLATE,cmn-e082c543.mp3
房间,fángjiān,TO TRANSLATE,cmn-e1677cc4.mp3
机会,jīhuì,TO TRANSLATE,cmn-e1a7de41.mp3
词,cí,TO TRANSLATE,cmn-e22607b1.mp3
别,bié,TO TRANSLATE,cmn-e236a37a.mp3
晚,wǎn,TO TRANSLATE,cmn-e2773e09.mp3
冬,dōng,TO TRANSLATE,cmn-e2d11b57.mp3
名字,míngzi,TO TRANSLATE,cmn-e395b46c.mp3
有意思,yǒuyìsi,TO TRANSLATE,cmn-e3977150.mp3
小时,xiǎoshí,TO TRANSLATE,cmn-e3db239d.mp3
语法,yǔfǎ,TO TRANSLATE,cmn-e441c771.mp3
首都,shǒudū,TO TRANSLATE,cmn-e488d031.mp3
月球,yuèqiú,TO TRANSLATE,cmn-e499935c.mp3
下午,xiàwǔ,TO TRANSLATE,cmn-e49f7587.mp3
换,huàn,TO TRANSLATE,cmn-e4db51c2.mp3
清楚,qīngchu,TO TRANSLATE,cmn-e52ac204.mp3
健康,jiànkāng,TO TRANSLATE,cmn-e57e29d1.mp3
进去,jìnqù,TO TRANSLATE,cmn-e5990ca6.mp3
教室,jiàoshì,TO TRANSLATE,cmn-e667bbaf.mp3
夏,xià,TO TRANSLATE,cmn-e7042c05.mp3
取得,qǔdé,TO TRANSLATE,cmn-e7d22533.mp3
比赛,bǐsài,TO TRANSLATE,cmn-e814b6a1.mp3
一块儿,yíkuàir,TO TRANSLATE,cmn-e846b23d.mp3
青年,qīngnián,TO TRANSLATE,cmn-e8745148.mp3
照相,zhàoxiàng,TO TRANSLATE,cmn-e89b3a8d.mp3
活动,huódòng,TO TRANSLATE,cmn-e8a37723.mp3
遍,biàn,TO TRANSLATE,cmn-e8e364aa.mp3
点,diǎn,TO TRANSLATE,cmn-e8e4eed6.mp3
坏,huài,TO TRANSLATE,cmn-e980a1bf.mp3
凉快,liángkuai,TO TRANSLATE,cmn-e9ac64fd.mp3
下来,xiàlái,TO TRANSLATE,cmn-e9c485fa.mp3
零,líng,TO TRANSLATE,cmn-e9c57755.mp3
怕,pà,TO TRANSLATE,cmn-e9c88a80.mp3
三,sān,TO TRANSLATE,cmn-e9d2be5a.mp3
广播,guǎngbō,TO TRANSLATE,cmn-e9f284e4.mp3
九,jiǔ,TO TRANSLATE,cmn-ea135b66.mp3
汉语,hànyǔ,TO TRANSLATE,cmn-ea207f42.mp3
声调,shēngdiào,TO TRANSLATE,cmn-ea3b7d74.mp3
提高,tígāo,TO TRANSLATE,cmn-ea3d0aa0.mp3
高,gāo,TO TRANSLATE,cmn-ea554c69.mp3
翻译,fānyì,TO TRANSLATE,cmn-eb015e2b.mp3
热,rè,TO TRANSLATE,cmn-eb250bea.mp3
女儿,nǚér,TO TRANSLATE,cmn-eb533b19.mp3
遇到,yùdào,TO TRANSLATE,cmn-eb934fcd.mp3
面包,miànbāo,TO TRANSLATE,cmn-ebb06b65.mp3
课本,kèběn,TO TRANSLATE,cmn-ebf48f65.mp3
寒假,hánjià,TO TRANSLATE,cmn-ec18a738.mp3
从_起,cóng_qǐ,TO TRANSLATE,cmn-ec705201.mp3
小姐,xiǎojie,TO TRANSLATE,cmn-ecd62eca.mp3
茶,chá,TO TRANSLATE,cmn-ed8499f4.mp3
欢迎,huānyíng,TO TRANSLATE,cmn-edc6676d.mp3
尤其,yóuqí,TO TRANSLATE,cmn-ee5ac528.mp3
任何,rènhé,TO TRANSLATE,cmn-ee96c7eb.mp3
真,zhēn,TO TRANSLATE,cmn-eea854f4.mp3
挺,tǐng,TO TRANSLATE,cmn-eeacf8d5.mp3
不,bù,TO TRANSLATE,cmn-eebf7a43.mp3
物理,wùlǐ,TO TRANSLATE,cmn-ef2164df.mp3
得到,dédào,TO TRANSLATE,cmn-ef39f77e.mp3
认为,rènwéi,TO TRANSLATE,cmn-ef8891b7.mp3
你们,nǐmen,TO TRANSLATE,cmn-ef91cd5b.mp3
反对,fǎnduì,TO TRANSLATE,cmn-efc5db72.mp3
病,bìng,TO TRANSLATE,cmn-f03e7445.mp3
体育,tǐyù,TO TRANSLATE,cmn-f09ed3a9.mp3
晚上,wǎnshang,TO TRANSLATE,cmn-f0ae2b6f.mp3
农民,nóngmín,TO TRANSLATE,cmn-f0d991c4.mp3
使用,shǐyòng,TO TRANSLATE,cmn-f0dcc8bf.mp3
试,shì,TO TRANSLATE,cmn-f14a9fe7.mp3
次,cì,TO TRANSLATE,cmn-f14d159b.mp3
上边,shàngbiān,TO TRANSLATE,cmn-f14ee4bb.mp3
南边,nánbiān,TO TRANSLATE,cmn-f1a08faa.mp3
袜子,wàzi,TO TRANSLATE,cmn-f22be90d.mp3
几,jǐ,TO TRANSLATE,cmn-f27c663d.mp3
必须,bìxū,TO TRANSLATE,cmn-f2c7fedd.mp3
猪,zhū,TO TRANSLATE,cmn-f2d98286.mp3
还是,háishì,TO TRANSLATE,cmn-f3287cbb.mp3
没意思,méiyìsi,TO TRANSLATE,cmn-f33976cf.mp3
一边_一边,yìbiān_4biān_,TO TRANSLATE,cmn-f3d16efc.mp3
看,kàn,TO TRANSLATE,cmn-f4728089.mp3
满,mǎn,TO TRANSLATE,cmn-f4ce910d.mp3
大概,dàgài,TO TRANSLATE,cmn-f4d46609.mp3
开,kāi,TO TRANSLATE,cmn-f5a0a9cd.mp3
展览,zhǎnlǎn,TO TRANSLATE,cmn-f5a6bb84.mp3
改,gǎi,TO TRANSLATE,cmn-f5be3136.mp3
以后,yǐhòu,TO TRANSLATE,cmn-f5dd1e73.mp3
活儿,huór,TO TRANSLATE,cmn-f5f3df6a.mp3
先,xiān,TO TRANSLATE,cmn-f5ffac45.mp3
科学,kēxué,TO TRANSLATE,cmn-f64d99ec.mp3
眼睛,yǎnjing,TO TRANSLATE,cmn-f64ec914.mp3
新闻,xīnwén,TO TRANSLATE,cmn-f66b58e0.mp3
电影,diànyǐng,TO TRANSLATE,cmn-f68df445.mp3
半天,bàntiān,TO TRANSLATE,cmn-f6917904.mp3
电视,diànshì,TO TRANSLATE,cmn-f6c538c2.mp3
劳驾,láojià,TO TRANSLATE,cmn-f6f510d1.mp3
离,lí,TO TRANSLATE,cmn-f7026e5c.mp3
和,hé,TO TRANSLATE,cmn-f711ecca.mp3
一_就_,yī_jiù_,TO TRANSLATE,cmn-f7242571.mp3
早晨,zǎochen,TO TRANSLATE,cmn-f77b4228.mp3
中间,zhōngjiān,TO TRANSLATE,cmn-f79efa5d.mp3
以前,yǐqián,TO TRANSLATE,cmn-f7d4e6d1.mp3
送,sòng,TO TRANSLATE,cmn-f84e19c0.mp3
节目,jiémù,TO TRANSLATE,cmn-f8a5f5d4.mp3
不但,búdàn,TO TRANSLATE,cmn-f8c85b98.mp3
倍,bèi,TO TRANSLATE,cmn-f8e2ac8f.mp3
唱,chàng,TO TRANSLATE,cmn-f923075d.mp3
作,zuò,TO TRANSLATE,cmn-f978aef4.mp3
久,jiǔ,TO TRANSLATE,cmn-f97fc330.mp3
老,lǎo,TO TRANSLATE,cmn-f98c73f7.mp3
喝,hē,TO TRANSLATE,cmn-f9cd093c.mp3
马,mǎ,TO TRANSLATE,cmn-f9d7da5e.mp3
赢,yíng,TO TRANSLATE,cmn-f9dac033.mp3
商店,shāngdiàn,TO TRANSLATE,cmn-f9f7388b.mp3
够,gòu,TO TRANSLATE,cmn-fab33c61.mp3
句子,jùzi,TO TRANSLATE,cmn-fac7a64d.mp3
块,kuài,TO TRANSLATE,cmn-faec39e9.mp3
开始,kāishǐ,TO TRANSLATE,cmn-fb201a71.mp3
年纪,niánjì,TO TRANSLATE,cmn-fc0852db.mp3
都,dōu,TO TRANSLATE,cmn-fc0c3684.mp3
搬,bān,TO TRANSLATE,cmn-fc0f10d9.mp3
天气,tiānqì,TO TRANSLATE,cmn-fc4711bc.mp3
米,mǐ,TO TRANSLATE,cmn-fc5a62f8.mp3
跑步,pǎobù,TO TRANSLATE,cmn-fcb45358.mp3
例如,lìrú,TO TRANSLATE,cmn-fd7a9450.mp3
整齐,zhěngqí,TO TRANSLATE,cmn-fd7e800f.mp3
雪,xuě,TO TRANSLATE,cmn-fdc42b1a.mp3
电,diàn,TO TRANSLATE,cmn-fdca172a.mp3
能,néng,TO TRANSLATE,cmn-fdce5cb3.mp3
听见,tīngjiàn,TO TRANSLATE,cmn-fdf8b2bf.mp3
难,nán,TO TRANSLATE,cmn-fe05ce26.mp3
听,tīng,TO TRANSLATE,cmn-fe49ae80.mp3
派,pài,TO TRANSLATE,cmn-fe5e8037.mp3
数学,shùxué,TO TRANSLATE,cmn-fe7e69f4.mp3
愿意,yuànyì,TO TRANSLATE,cmn-ff2f7e4e.mp3
过去,guòqù,TO TRANSLATE,cmn-ff56e481.mp3
画儿,huàr,TO TRANSLATE,cmn-ff6e23cb.mp3
刻,kè,TO TRANSLATE,cmn-ff81b31e.mp3
话,huà,TO TRANSLATE,cmn-ff9117d5.mp3
早饭,zǎofàn,TO TRANSLATE,cmn-ffbe8865.mp3
